/data/samson/miniconda3/envs/octopi/lib/python3.8/site-packages/huggingface_hub/file_download.py:949: FutureWarning: `resume_download` is deprecated and will be removed in version 1.0.0. Downloads always resume when possible. If you want to force a new download, use `force_download=True`.
  warnings.warn(

  0%|          | 0/15 [00:00<?, ?it/s]

  0%|          | 0/38 [00:00<?, ?it/s][A

  3%|▎         | 1/38 [00:01<01:10,  1.90s/it][A

  5%|▌         | 2/38 [00:03<00:58,  1.62s/it][A

  8%|▊         | 3/38 [00:04<00:53,  1.53s/it][A

 11%|█         | 4/38 [00:06<00:50,  1.48s/it][A

 13%|█▎        | 5/38 [00:07<00:47,  1.44s/it][A

 16%|█▌        | 6/38 [00:08<00:45,  1.41s/it][A

 18%|█▊        | 7/38 [00:10<00:43,  1.40s/it][A

 21%|██        | 8/38 [00:11<00:42,  1.41s/it][A

 24%|██▎       | 9/38 [00:13<00:41,  1.42s/it][A

 26%|██▋       | 10/38 [00:14<00:39,  1.43s/it][A

 29%|██▉       | 11/38 [00:15<00:38,  1.42s/it][A

 32%|███▏      | 12/38 [00:17<00:40,  1.58s/it][A

 34%|███▍      | 13/38 [00:19<00:39,  1.56s/it][A

 37%|███▋      | 14/38 [00:20<00:36,  1.53s/it][A

 39%|███▉      | 15/38 [00:22<00:34,  1.48s/it][A

 42%|████▏     | 16/38 [00:23<00:32,  1.47s/it][A

 45%|████▍     | 17/38 [00:25<00:30,  1.45s/it][A

 47%|████▋     | 18/38 [00:26<00:28,  1.45s/it][A

 50%|█████     | 19/38 [00:28<00:27,  1.46s/it][A

 53%|█████▎    | 20/38 [00:29<00:26,  1.45s/it][A

 55%|█████▌    | 21/38 [00:30<00:24,  1.45s/it][A

 58%|█████▊    | 22/38 [00:32<00:22,  1.43s/it][A

 61%|██████    | 23/38 [00:33<00:21,  1.43s/it][A

 63%|██████▎   | 24/38 [00:35<00:19,  1.41s/it][A

 66%|██████▌   | 25/38 [00:36<00:18,  1.42s/it][A

 68%|██████▊   | 26/38 [00:37<00:17,  1.43s/it][A

 71%|███████   | 27/38 [00:39<00:15,  1.44s/it][A

 74%|███████▎  | 28/38 [00:40<00:14,  1.44s/it][A

 76%|███████▋  | 29/38 [00:42<00:12,  1.44s/it][A

 79%|███████▉  | 30/38 [00:43<00:11,  1.44s/it][A

 82%|████████▏ | 31/38 [00:45<00:09,  1.42s/it][A

 84%|████████▍ | 32/38 [00:46<00:08,  1.41s/it][A

 87%|████████▋ | 33/38 [00:47<00:06,  1.39s/it][A

 89%|████████▉ | 34/38 [00:49<00:05,  1.38s/it][A

 92%|█████████▏| 35/38 [00:50<00:04,  1.38s/it][A

 95%|█████████▍| 36/38 [00:51<00:02,  1.38s/it][A

 97%|█████████▋| 37/38 [00:53<00:01,  1.40s/it][A

100%|██████████| 38/38 [00:53<00:00,  1.14s/it][A
100%|██████████| 38/38 [00:53<00:00,  1.42s/it]


  0%|          | 0/69 [00:00<?, ?it/s][A

  1%|▏         | 1/69 [00:00<00:08,  7.72it/s][A

  3%|▎         | 2/69 [00:00<00:08,  7.81it/s][A

  4%|▍         | 3/69 [00:00<00:08,  7.97it/s][A

  6%|▌         | 4/69 [00:00<00:08,  8.00it/s][A

  7%|▋         | 5/69 [00:00<00:08,  7.91it/s][A

  9%|▊         | 6/69 [00:00<00:07,  8.28it/s][A

 10%|█         | 7/69 [00:00<00:07,  8.30it/s][A

 12%|█▏        | 8/69 [00:00<00:07,  8.41it/s][A

 13%|█▎        | 9/69 [00:01<00:07,  8.35it/s][A

 14%|█▍        | 10/69 [00:01<00:07,  8.27it/s][A

 16%|█▌        | 11/69 [00:01<00:07,  7.94it/s][A

 17%|█▋        | 12/69 [00:01<00:07,  8.05it/s][A

 19%|█▉        | 13/69 [00:01<00:06,  8.19it/s][A

 20%|██        | 14/69 [00:01<00:06,  8.29it/s][A

 22%|██▏       | 15/69 [00:01<00:06,  8.34it/s][A

 23%|██▎       | 16/69 [00:01<00:06,  8.30it/s][A

 25%|██▍       | 17/69 [00:02<00:06,  8.29it/s][A

 26%|██▌       | 18/69 [00:02<00:06,  8.34it/s][A

 28%|██▊       | 19/69 [00:02<00:05,  8.42it/s][A

 29%|██▉       | 20/69 [00:02<00:05,  8.33it/s][A

 30%|███       | 21/69 [00:02<00:05,  8.57it/s][A

 32%|███▏      | 22/69 [00:02<00:05,  8.76it/s][A

 33%|███▎      | 23/69 [00:02<00:05,  8.78it/s][A

 35%|███▍      | 24/69 [00:02<00:05,  8.81it/s][A

 36%|███▌      | 25/69 [00:02<00:04,  8.89it/s][A

 38%|███▊      | 26/69 [00:03<00:04,  8.77it/s][A

 39%|███▉      | 27/69 [00:03<00:04,  8.73it/s][A

 41%|████      | 28/69 [00:03<00:04,  8.66it/s][A

 42%|████▏     | 29/69 [00:03<00:04,  8.67it/s][A

 43%|████▎     | 30/69 [00:03<00:04,  8.82it/s][A

 45%|████▍     | 31/69 [00:03<00:04,  8.81it/s][A

 46%|████▋     | 32/69 [00:03<00:04,  8.90it/s][A

 48%|████▊     | 33/69 [00:03<00:04,  8.92it/s][A

 49%|████▉     | 34/69 [00:04<00:03,  8.97it/s][A

 51%|█████     | 35/69 [00:04<00:03,  8.83it/s][A

 52%|█████▏    | 36/69 [00:04<00:03,  8.76it/s][A

 54%|█████▎    | 37/69 [00:04<00:03,  8.20it/s][A

 55%|█████▌    | 38/69 [00:04<00:03,  8.15it/s][A

 57%|█████▋    | 39/69 [00:04<00:03,  8.25it/s][A

 58%|█████▊    | 40/69 [00:04<00:03,  8.20it/s][A

 59%|█████▉    | 41/69 [00:04<00:03,  8.16it/s][A

 61%|██████    | 42/69 [00:04<00:03,  8.08it/s][A

 62%|██████▏   | 43/69 [00:05<00:03,  7.94it/s][A

 64%|██████▍   | 44/69 [00:05<00:03,  7.82it/s][A

 65%|██████▌   | 45/69 [00:05<00:03,  7.69it/s][A

 67%|██████▋   | 46/69 [00:05<00:03,  7.42it/s][A

 68%|██████▊   | 47/69 [00:05<00:03,  7.22it/s][A

 70%|██████▉   | 48/69 [00:05<00:02,  7.34it/s][A

 71%|███████   | 49/69 [00:05<00:02,  7.46it/s][A

 72%|███████▏  | 50/69 [00:06<00:02,  7.56it/s][A

 74%|███████▍  | 51/69 [00:06<00:02,  7.56it/s][A

 75%|███████▌  | 52/69 [00:06<00:02,  7.58it/s][A

 77%|███████▋  | 53/69 [00:06<00:02,  7.63it/s][A

 78%|███████▊  | 54/69 [00:06<00:01,  7.80it/s][A

 80%|███████▉  | 55/69 [00:06<00:01,  7.91it/s][A

 81%|████████  | 56/69 [00:06<00:01,  8.05it/s][A

 83%|████████▎ | 57/69 [00:06<00:01,  8.10it/s][A

 84%|████████▍ | 58/69 [00:07<00:01,  8.01it/s][A

 86%|████████▌ | 59/69 [00:07<00:01,  7.86it/s][A

 87%|████████▋ | 60/69 [00:07<00:01,  7.74it/s][A

 88%|████████▊ | 61/69 [00:07<00:01,  7.78it/s][A

 90%|████████▉ | 62/69 [00:07<00:00,  7.99it/s][A

 91%|█████████▏| 63/69 [00:07<00:00,  8.14it/s][A

 93%|█████████▎| 64/69 [00:07<00:00,  8.21it/s][A

 94%|█████████▍| 65/69 [00:07<00:00,  8.21it/s][A

 96%|█████████▌| 66/69 [00:08<00:00,  8.01it/s][A

 97%|█████████▋| 67/69 [00:08<00:00,  7.95it/s][A

 99%|█████████▊| 68/69 [00:08<00:00,  7.81it/s][A

100%|██████████| 69/69 [00:08<00:00,  7.83it/s][A
100%|██████████| 69/69 [00:08<00:00,  8.15it/s]


  0%|          | 0/38 [00:00<?, ?it/s][A

  3%|▎         | 1/38 [00:00<00:04,  8.60it/s][A

  5%|▌         | 2/38 [00:00<00:04,  8.59it/s][A

  8%|▊         | 3/38 [00:00<00:04,  8.51it/s][A

 11%|█         | 4/38 [00:00<00:04,  8.38it/s][A

 13%|█▎        | 5/38 [00:00<00:04,  8.04it/s][A

 16%|█▌        | 6/38 [00:00<00:04,  7.88it/s][A

 18%|█▊        | 7/38 [00:00<00:04,  7.73it/s][A

 21%|██        | 8/38 [00:00<00:03,  7.94it/s][A

 24%|██▎       | 9/38 [00:01<00:03,  8.14it/s][A

 26%|██▋       | 10/38 [00:01<00:03,  8.21it/s][A

 29%|██▉       | 11/38 [00:01<00:03,  8.25it/s][A

 32%|███▏      | 12/38 [00:01<00:03,  8.24it/s][A

 34%|███▍      | 13/38 [00:01<00:03,  8.05it/s][A

 37%|███▋      | 14/38 [00:01<00:03,  7.94it/s][A

 39%|███▉      | 15/38 [00:01<00:02,  7.85it/s][A

 42%|████▏     | 16/38 [00:01<00:02,  8.06it/s][A

 45%|████▍     | 17/38 [00:02<00:02,  8.19it/s][A

 47%|████▋     | 18/38 [00:02<00:02,  8.29it/s][A

 50%|█████     | 19/38 [00:02<00:02,  8.32it/s][A

 53%|█████▎    | 20/38 [00:02<00:02,  8.30it/s][A

 55%|█████▌    | 21/38 [00:02<00:02,  8.15it/s][A

 58%|█████▊    | 22/38 [00:02<00:02,  7.99it/s][A

 61%|██████    | 23/38 [00:02<00:01,  7.85it/s][A

 63%|██████▎   | 24/38 [00:02<00:01,  8.03it/s][A

 66%|██████▌   | 25/38 [00:03<00:01,  8.18it/s][A

 68%|██████▊   | 26/38 [00:03<00:01,  8.26it/s][A

 71%|███████   | 27/38 [00:03<00:01,  8.28it/s][A

 74%|███████▎  | 28/38 [00:03<00:01,  8.26it/s][A

 76%|███████▋  | 29/38 [00:03<00:01,  8.07it/s][A

 79%|███████▉  | 30/38 [00:03<00:01,  8.00it/s][A

 82%|████████▏ | 31/38 [00:03<00:00,  7.87it/s][A

 84%|████████▍ | 32/38 [00:03<00:00,  8.05it/s][A

 87%|████████▋ | 33/38 [00:04<00:00,  8.19it/s][A

 89%|████████▉ | 34/38 [00:04<00:00,  8.42it/s][A

 92%|█████████▏| 35/38 [00:04<00:00,  8.60it/s][A

 95%|█████████▍| 36/38 [00:04<00:00,  8.66it/s][A

 97%|█████████▋| 37/38 [00:04<00:00,  8.41it/s][A

100%|██████████| 38/38 [00:04<00:00,  8.26it/s][A
100%|██████████| 38/38 [00:04<00:00,  8.17it/s]

  7%|▋         | 1/15 [01:11<16:42, 71.61s/it]

  0%|          | 0/38 [00:00<?, ?it/s][A

  3%|▎         | 1/38 [00:01<00:50,  1.37s/it][A

  5%|▌         | 2/38 [00:02<00:52,  1.45s/it][A

  8%|▊         | 3/38 [00:04<00:51,  1.46s/it][A

 11%|█         | 4/38 [00:05<00:49,  1.46s/it][A

 13%|█▎        | 5/38 [00:07<00:47,  1.45s/it][A

 16%|█▌        | 6/38 [00:08<00:45,  1.43s/it][A

 18%|█▊        | 7/38 [00:10<00:45,  1.48s/it][A

 21%|██        | 8/38 [00:11<00:43,  1.45s/it][A

 24%|██▎       | 9/38 [00:13<00:42,  1.47s/it][A

 26%|██▋       | 10/38 [00:14<00:40,  1.46s/it][A

 29%|██▉       | 11/38 [00:15<00:38,  1.42s/it][A

 32%|███▏      | 12/38 [00:17<00:38,  1.46s/it][A

 34%|███▍      | 13/38 [00:18<00:36,  1.47s/it][A

 37%|███▋      | 14/38 [00:20<00:35,  1.50s/it][A

 39%|███▉      | 15/38 [00:21<00:33,  1.47s/it][A

 42%|████▏     | 16/38 [00:23<00:32,  1.49s/it][A

 45%|████▍     | 17/38 [00:24<00:30,  1.47s/it][A

 47%|████▋     | 18/38 [00:26<00:29,  1.47s/it][A

 50%|█████     | 19/38 [00:27<00:27,  1.44s/it][A

 53%|█████▎    | 20/38 [00:29<00:26,  1.46s/it][A

 55%|█████▌    | 21/38 [00:30<00:24,  1.44s/it][A

 58%|█████▊    | 22/38 [00:31<00:22,  1.41s/it][A

 61%|██████    | 23/38 [00:33<00:21,  1.42s/it][A

 63%|██████▎   | 24/38 [00:34<00:19,  1.40s/it][A

 66%|██████▌   | 25/38 [00:36<00:18,  1.40s/it][A

 68%|██████▊   | 26/38 [00:37<00:16,  1.37s/it][A

 71%|███████   | 27/38 [00:38<00:15,  1.38s/it][A

 74%|███████▎  | 28/38 [00:40<00:13,  1.36s/it][A

 76%|███████▋  | 29/38 [00:41<00:12,  1.39s/it][A

 79%|███████▉  | 30/38 [00:42<00:10,  1.37s/it][A

 82%|████████▏ | 31/38 [00:44<00:09,  1.40s/it][A

 84%|████████▍ | 32/38 [00:45<00:08,  1.39s/it][A

 87%|████████▋ | 33/38 [00:47<00:07,  1.40s/it][A

 89%|████████▉ | 34/38 [00:48<00:05,  1.37s/it][A

 92%|█████████▏| 35/38 [00:49<00:04,  1.39s/it][A

 95%|█████████▍| 36/38 [00:51<00:02,  1.37s/it][A

 97%|█████████▋| 37/38 [00:52<00:01,  1.40s/it][A

100%|██████████| 38/38 [00:53<00:00,  1.13s/it][A
100%|██████████| 38/38 [00:53<00:00,  1.40s/it]


  0%|          | 0/69 [00:00<?, ?it/s][A

  1%|▏         | 1/69 [00:00<00:08,  8.07it/s][A

  3%|▎         | 2/69 [00:00<00:08,  7.75it/s][A

  4%|▍         | 3/69 [00:00<00:07,  8.40it/s][A

  6%|▌         | 4/69 [00:00<00:07,  8.79it/s][A

  7%|▋         | 5/69 [00:00<00:07,  9.01it/s][A

  9%|▊         | 6/69 [00:00<00:06,  9.14it/s][A

 10%|█         | 7/69 [00:00<00:06,  9.24it/s][A

 12%|█▏        | 8/69 [00:00<00:06,  8.86it/s][A

 13%|█▎        | 9/69 [00:01<00:07,  8.41it/s][A

 14%|█▍        | 10/69 [00:01<00:07,  7.96it/s][A

 16%|█▌        | 11/69 [00:01<00:06,  8.35it/s][A

 17%|█▋        | 12/69 [00:01<00:06,  8.66it/s][A

 19%|█▉        | 13/69 [00:01<00:06,  8.87it/s][A

 20%|██        | 14/69 [00:01<00:06,  9.01it/s][A

 22%|██▏       | 15/69 [00:01<00:05,  9.13it/s][A

 23%|██▎       | 16/69 [00:01<00:05,  9.12it/s][A

 25%|██▍       | 17/69 [00:01<00:05,  8.70it/s][A

 26%|██▌       | 18/69 [00:02<00:06,  8.17it/s][A

 28%|██▊       | 19/69 [00:02<00:06,  8.27it/s][A

 29%|██▉       | 20/69 [00:02<00:05,  8.57it/s][A

 30%|███       | 21/69 [00:02<00:05,  8.77it/s][A

 32%|███▏      | 22/69 [00:02<00:05,  8.96it/s][A

 33%|███▎      | 23/69 [00:02<00:05,  9.08it/s][A

 35%|███▍      | 24/69 [00:02<00:04,  9.19it/s][A

 36%|███▌      | 25/69 [00:02<00:04,  8.89it/s][A

 38%|███▊      | 26/69 [00:02<00:05,  8.53it/s][A

 39%|███▉      | 27/69 [00:03<00:05,  8.34it/s][A

 41%|████      | 28/69 [00:03<00:04,  8.66it/s][A

 42%|████▏     | 29/69 [00:03<00:04,  8.87it/s][A

 43%|████▎     | 30/69 [00:03<00:04,  9.05it/s][A

 45%|████▍     | 31/69 [00:03<00:04,  9.19it/s][A

 46%|████▋     | 32/69 [00:03<00:03,  9.26it/s][A

 48%|████▊     | 33/69 [00:03<00:04,  8.79it/s][A

 49%|████▉     | 34/69 [00:03<00:04,  8.31it/s][A

 51%|█████     | 35/69 [00:04<00:04,  7.62it/s][A

 52%|█████▏    | 36/69 [00:04<00:04,  7.81it/s][A

 54%|█████▎    | 37/69 [00:04<00:04,  7.94it/s][A

 55%|█████▌    | 38/69 [00:04<00:03,  8.01it/s][A

 57%|█████▋    | 39/69 [00:04<00:03,  8.08it/s][A

 58%|█████▊    | 40/69 [00:04<00:03,  7.84it/s][A

 59%|█████▉    | 41/69 [00:04<00:03,  7.64it/s][A

 61%|██████    | 42/69 [00:04<00:03,  7.32it/s][A

 62%|██████▏   | 43/69 [00:05<00:03,  7.59it/s][A

 64%|██████▍   | 44/69 [00:05<00:03,  7.80it/s][A

 65%|██████▌   | 45/69 [00:05<00:03,  7.94it/s][A

 67%|██████▋   | 46/69 [00:05<00:02,  8.00it/s][A

 68%|██████▊   | 47/69 [00:05<00:02,  8.02it/s][A

 70%|██████▉   | 48/69 [00:05<00:02,  7.77it/s][A

 71%|███████   | 49/69 [00:05<00:02,  7.31it/s][A

 72%|███████▏  | 50/69 [00:06<00:02,  7.52it/s][A

 74%|███████▍  | 51/69 [00:06<00:02,  7.75it/s][A

 75%|███████▌  | 52/69 [00:06<00:02,  7.89it/s][A

 77%|███████▋  | 53/69 [00:06<00:02,  7.99it/s][A

 78%|███████▊  | 54/69 [00:06<00:01,  8.07it/s][A

 80%|███████▉  | 55/69 [00:06<00:01,  7.82it/s][A

 81%|████████  | 56/69 [00:06<00:01,  7.63it/s][A

 83%|████████▎ | 57/69 [00:06<00:01,  7.64it/s][A

 84%|████████▍ | 58/69 [00:07<00:01,  7.97it/s][A

 86%|████████▌ | 59/69 [00:07<00:01,  8.22it/s][A

 87%|████████▋ | 60/69 [00:07<00:01,  8.39it/s][A

 88%|████████▊ | 61/69 [00:07<00:00,  8.51it/s][A

 90%|████████▉ | 62/69 [00:07<00:00,  8.41it/s][A

 91%|█████████▏| 63/69 [00:07<00:00,  8.04it/s][A

 93%|█████████▎| 64/69 [00:07<00:00,  7.67it/s][A

 94%|█████████▍| 65/69 [00:07<00:00,  7.99it/s][A

 96%|█████████▌| 66/69 [00:07<00:00,  8.25it/s][A

 97%|█████████▋| 67/69 [00:08<00:00,  8.35it/s][A

 99%|█████████▊| 68/69 [00:08<00:00,  8.50it/s][A

100%|██████████| 69/69 [00:08<00:00,  8.60it/s][A
100%|██████████| 69/69 [00:08<00:00,  8.30it/s]


  0%|          | 0/38 [00:00<?, ?it/s][A

  3%|▎         | 1/38 [00:00<00:04,  7.54it/s][A

  5%|▌         | 2/38 [00:00<00:04,  7.51it/s][A

  8%|▊         | 3/38 [00:00<00:04,  7.19it/s][A

 11%|█         | 4/38 [00:00<00:04,  7.78it/s][A

 13%|█▎        | 5/38 [00:00<00:04,  8.14it/s][A

 16%|█▌        | 6/38 [00:00<00:03,  8.36it/s][A

 18%|█▊        | 7/38 [00:00<00:03,  8.50it/s][A

 21%|██        | 8/38 [00:00<00:03,  8.50it/s][A

 24%|██▎       | 9/38 [00:01<00:03,  8.14it/s][A

 26%|██▋       | 10/38 [00:01<00:03,  8.01it/s][A

 29%|██▉       | 11/38 [00:01<00:03,  7.75it/s][A

 32%|███▏      | 12/38 [00:01<00:03,  8.05it/s][A

 34%|███▍      | 13/38 [00:01<00:03,  8.27it/s][A

 37%|███▋      | 14/38 [00:01<00:02,  8.45it/s][A

 39%|███▉      | 15/38 [00:01<00:02,  8.58it/s][A

 42%|████▏     | 16/38 [00:01<00:02,  8.67it/s][A

 45%|████▍     | 17/38 [00:02<00:02,  8.23it/s][A

 47%|████▋     | 18/38 [00:02<00:02,  7.80it/s][A

 50%|█████     | 19/38 [00:02<00:02,  7.87it/s][A

 53%|█████▎    | 20/38 [00:02<00:02,  8.16it/s][A

 55%|█████▌    | 21/38 [00:02<00:02,  8.34it/s][A

 58%|█████▊    | 22/38 [00:02<00:01,  8.43it/s][A

 61%|██████    | 23/38 [00:02<00:01,  8.54it/s][A

 63%|██████▎   | 24/38 [00:02<00:01,  8.38it/s][A

 66%|██████▌   | 25/38 [00:03<00:01,  7.97it/s][A

 68%|██████▊   | 26/38 [00:03<00:01,  7.56it/s][A

 71%|███████   | 27/38 [00:03<00:01,  7.83it/s][A

 74%|███████▎  | 28/38 [00:03<00:01,  8.11it/s][A

 76%|███████▋  | 29/38 [00:03<00:01,  8.28it/s][A

 79%|███████▉  | 30/38 [00:03<00:00,  8.42it/s][A

 82%|████████▏ | 31/38 [00:03<00:00,  8.48it/s][A

 84%|████████▍ | 32/38 [00:03<00:00,  8.60it/s][A

 87%|████████▋ | 33/38 [00:04<00:00,  8.64it/s][A

 89%|████████▉ | 34/38 [00:04<00:00,  7.83it/s][A

 92%|█████████▏| 35/38 [00:04<00:00,  7.42it/s][A

 95%|█████████▍| 36/38 [00:04<00:00,  6.93it/s][A

 97%|█████████▋| 37/38 [00:04<00:00,  7.25it/s][A

100%|██████████| 38/38 [00:04<00:00,  7.46it/s][A
100%|██████████| 38/38 [00:04<00:00,  8.01it/s]

 13%|█▎        | 2/15 [02:17<14:50, 68.49s/it]

  0%|          | 0/38 [00:00<?, ?it/s][A

  3%|▎         | 1/38 [00:01<00:57,  1.55s/it][A

  5%|▌         | 2/38 [00:03<00:55,  1.54s/it][A

  8%|▊         | 3/38 [00:04<00:55,  1.59s/it][A

 11%|█         | 4/38 [00:06<00:50,  1.49s/it][A

 13%|█▎        | 5/38 [00:07<00:47,  1.44s/it][A

 16%|█▌        | 6/38 [00:08<00:45,  1.41s/it][A

 18%|█▊        | 7/38 [00:10<00:45,  1.48s/it][A

 21%|██        | 8/38 [00:11<00:44,  1.48s/it][A

 24%|██▎       | 9/38 [00:13<00:43,  1.49s/it][A

 26%|██▋       | 10/38 [00:14<00:41,  1.49s/it][A

 29%|██▉       | 11/38 [00:16<00:39,  1.48s/it][A

 32%|███▏      | 12/38 [00:17<00:38,  1.47s/it][A

 34%|███▍      | 13/38 [00:19<00:36,  1.45s/it][A

 37%|███▋      | 14/38 [00:20<00:35,  1.47s/it][A

 39%|███▉      | 15/38 [00:22<00:33,  1.46s/it][A

 42%|████▏     | 16/38 [00:23<00:32,  1.46s/it][A

 45%|████▍     | 17/38 [00:25<00:30,  1.47s/it][A

 47%|████▋     | 18/38 [00:26<00:29,  1.49s/it][A

 50%|█████     | 19/38 [00:28<00:28,  1.50s/it][A

 53%|█████▎    | 20/38 [00:29<00:27,  1.52s/it][A

 55%|█████▌    | 21/38 [00:31<00:25,  1.52s/it][A

 58%|█████▊    | 22/38 [00:32<00:24,  1.53s/it][A

 61%|██████    | 23/38 [00:34<00:22,  1.49s/it][A

 63%|██████▎   | 24/38 [00:35<00:20,  1.48s/it][A

 66%|██████▌   | 25/38 [00:37<00:19,  1.49s/it][A

 68%|██████▊   | 26/38 [00:38<00:17,  1.48s/it][A

 71%|███████   | 27/38 [00:40<00:16,  1.48s/it][A

 74%|███████▎  | 28/38 [00:41<00:14,  1.46s/it][A

 76%|███████▋  | 29/38 [00:43<00:13,  1.47s/it][A

 79%|███████▉  | 30/38 [00:44<00:11,  1.44s/it][A

 82%|████████▏ | 31/38 [00:45<00:10,  1.44s/it][A

 84%|████████▍ | 32/38 [00:47<00:08,  1.46s/it][A

 87%|████████▋ | 33/38 [00:48<00:07,  1.46s/it][A

 89%|████████▉ | 34/38 [00:50<00:05,  1.44s/it][A

 92%|█████████▏| 35/38 [00:51<00:04,  1.43s/it][A

 95%|█████████▍| 36/38 [00:53<00:02,  1.43s/it][A

 97%|█████████▋| 37/38 [00:54<00:01,  1.42s/it][A

100%|██████████| 38/38 [00:54<00:00,  1.17s/it][A
100%|██████████| 38/38 [00:54<00:00,  1.45s/it]


  0%|          | 0/69 [00:00<?, ?it/s][A

  1%|▏         | 1/69 [00:00<00:07,  8.72it/s][A

  3%|▎         | 2/69 [00:00<00:07,  8.69it/s][A

  4%|▍         | 3/69 [00:00<00:07,  8.67it/s][A

  6%|▌         | 4/69 [00:00<00:07,  8.66it/s][A

  7%|▋         | 5/69 [00:00<00:07,  8.30it/s][A

  9%|▊         | 6/69 [00:00<00:07,  8.00it/s][A

 10%|█         | 7/69 [00:00<00:07,  7.90it/s][A

 12%|█▏        | 8/69 [00:00<00:07,  8.17it/s][A

 13%|█▎        | 9/69 [00:01<00:07,  8.36it/s][A

 14%|█▍        | 10/69 [00:01<00:06,  8.45it/s][A

 16%|█▌        | 11/69 [00:01<00:06,  8.53it/s][A

 17%|█▋        | 12/69 [00:01<00:06,  8.56it/s][A

 19%|█▉        | 13/69 [00:01<00:06,  8.30it/s][A

 20%|██        | 14/69 [00:01<00:06,  8.07it/s][A

 22%|██▏       | 15/69 [00:01<00:06,  7.82it/s][A

 23%|██▎       | 16/69 [00:01<00:06,  7.90it/s][A

 25%|██▍       | 17/69 [00:02<00:06,  8.09it/s][A

 26%|██▌       | 18/69 [00:02<00:06,  8.24it/s][A

 28%|██▊       | 19/69 [00:02<00:05,  8.38it/s][A

 29%|██▉       | 20/69 [00:02<00:05,  8.48it/s][A

 30%|███       | 21/69 [00:02<00:05,  8.45it/s][A

 32%|███▏      | 22/69 [00:02<00:05,  8.27it/s][A

 33%|███▎      | 23/69 [00:02<00:05,  8.02it/s][A

 35%|███▍      | 24/69 [00:02<00:05,  7.76it/s][A

 36%|███▌      | 25/69 [00:03<00:05,  7.87it/s][A

 38%|███▊      | 26/69 [00:03<00:05,  7.93it/s][A

 39%|███▉      | 27/69 [00:03<00:05,  7.96it/s][A

 41%|████      | 28/69 [00:03<00:05,  7.97it/s][A

 42%|████▏     | 29/69 [00:03<00:05,  7.77it/s][A

 43%|████▎     | 30/69 [00:03<00:05,  7.54it/s][A

 45%|████▍     | 31/69 [00:03<00:05,  7.15it/s][A

 46%|████▋     | 32/69 [00:03<00:05,  7.37it/s][A

 48%|████▊     | 33/69 [00:04<00:04,  7.58it/s][A

 49%|████▉     | 34/69 [00:04<00:04,  7.71it/s][A

 51%|█████     | 35/69 [00:04<00:04,  7.80it/s][A

 52%|█████▏    | 36/69 [00:04<00:04,  7.88it/s][A

 54%|█████▎    | 37/69 [00:04<00:04,  7.78it/s][A

 55%|█████▌    | 38/69 [00:04<00:04,  7.47it/s][A

 57%|█████▋    | 39/69 [00:04<00:04,  7.13it/s][A

 58%|█████▊    | 40/69 [00:05<00:03,  7.52it/s][A

 59%|█████▉    | 41/69 [00:05<00:03,  7.76it/s][A

 61%|██████    | 42/69 [00:05<00:03,  7.99it/s][A

 62%|██████▏   | 43/69 [00:05<00:03,  8.04it/s][A

 64%|██████▍   | 44/69 [00:05<00:03,  8.20it/s][A

 65%|██████▌   | 45/69 [00:05<00:02,  8.34it/s][A

 67%|██████▋   | 46/69 [00:05<00:02,  8.29it/s][A

 68%|██████▊   | 47/69 [00:05<00:02,  8.09it/s][A

 70%|██████▉   | 48/69 [00:06<00:02,  7.91it/s][A

 71%|███████   | 49/69 [00:06<00:02,  7.81it/s][A

 72%|███████▏  | 50/69 [00:06<00:02,  7.99it/s][A

 74%|███████▍  | 51/69 [00:06<00:02,  8.12it/s][A

 75%|███████▌  | 52/69 [00:06<00:02,  8.06it/s][A

 77%|███████▋  | 53/69 [00:06<00:01,  8.01it/s][A

 78%|███████▊  | 54/69 [00:06<00:01,  7.76it/s][A

 80%|███████▉  | 55/69 [00:06<00:01,  7.36it/s][A

 81%|████████  | 56/69 [00:07<00:01,  7.06it/s][A

 83%|████████▎ | 57/69 [00:07<00:01,  7.16it/s][A

 84%|████████▍ | 58/69 [00:07<00:01,  7.40it/s][A

 86%|████████▌ | 59/69 [00:07<00:01,  7.60it/s][A

 87%|████████▋ | 60/69 [00:07<00:01,  7.70it/s][A

 88%|████████▊ | 61/69 [00:07<00:01,  7.77it/s][A

 90%|████████▉ | 62/69 [00:07<00:00,  7.54it/s][A

 91%|█████████▏| 63/69 [00:07<00:00,  7.29it/s][A

 93%|█████████▎| 64/69 [00:08<00:00,  7.05it/s][A

 94%|█████████▍| 65/69 [00:08<00:00,  7.33it/s][A

 96%|█████████▌| 66/69 [00:08<00:00,  7.53it/s][A

 97%|█████████▋| 67/69 [00:08<00:00,  7.69it/s][A

 99%|█████████▊| 68/69 [00:08<00:00,  7.77it/s][A

100%|██████████| 69/69 [00:08<00:00,  7.65it/s][A
100%|██████████| 69/69 [00:08<00:00,  7.85it/s]


  0%|          | 0/38 [00:00<?, ?it/s][A

  3%|▎         | 1/38 [00:00<00:05,  6.62it/s][A

  5%|▌         | 2/38 [00:00<00:05,  6.57it/s][A

  8%|▊         | 3/38 [00:00<00:05,  6.89it/s][A

 11%|█         | 4/38 [00:00<00:04,  7.31it/s][A

 13%|█▎        | 5/38 [00:00<00:04,  7.54it/s][A

 16%|█▌        | 6/38 [00:00<00:04,  7.67it/s][A

 18%|█▊        | 7/38 [00:00<00:03,  7.76it/s][A

 21%|██        | 8/38 [00:01<00:03,  7.60it/s][A

 24%|██▎       | 9/38 [00:01<00:03,  7.56it/s][A

 26%|██▋       | 10/38 [00:01<00:03,  7.48it/s][A

 29%|██▉       | 11/38 [00:01<00:03,  7.81it/s][A

 32%|███▏      | 12/38 [00:01<00:03,  8.06it/s][A

 34%|███▍      | 13/38 [00:01<00:03,  8.18it/s][A

 37%|███▋      | 14/38 [00:01<00:02,  8.33it/s][A

 39%|███▉      | 15/38 [00:01<00:02,  8.40it/s][A

 42%|████▏     | 16/38 [00:02<00:02,  8.13it/s][A

 45%|████▍     | 17/38 [00:02<00:02,  7.84it/s][A

 47%|████▋     | 18/38 [00:02<00:02,  7.61it/s][A

 50%|█████     | 19/38 [00:02<00:02,  7.85it/s][A

 53%|█████▎    | 20/38 [00:02<00:02,  8.11it/s][A

 55%|█████▌    | 21/38 [00:02<00:02,  8.28it/s][A

 58%|█████▊    | 22/38 [00:02<00:01,  8.40it/s][A

 61%|██████    | 23/38 [00:02<00:01,  8.47it/s][A

 63%|██████▎   | 24/38 [00:03<00:01,  8.10it/s][A

 66%|██████▌   | 25/38 [00:03<00:01,  7.85it/s][A

 68%|██████▊   | 26/38 [00:03<00:01,  7.63it/s][A

 71%|███████   | 27/38 [00:03<00:01,  7.76it/s][A

 74%|███████▎  | 28/38 [00:03<00:01,  8.02it/s][A

 76%|███████▋  | 29/38 [00:03<00:01,  8.22it/s][A

 79%|███████▉  | 30/38 [00:03<00:00,  8.38it/s][A

 82%|████████▏ | 31/38 [00:03<00:00,  8.46it/s][A

 84%|████████▍ | 32/38 [00:04<00:00,  8.52it/s][A

 87%|████████▋ | 33/38 [00:04<00:00,  8.56it/s][A

 89%|████████▉ | 34/38 [00:04<00:00,  8.48it/s][A

 92%|█████████▏| 35/38 [00:04<00:00,  8.05it/s][A

 95%|█████████▍| 36/38 [00:04<00:00,  7.73it/s][A

 97%|█████████▋| 37/38 [00:04<00:00,  7.68it/s][A

100%|██████████| 38/38 [00:04<00:00,  7.97it/s][A
100%|██████████| 38/38 [00:04<00:00,  7.93it/s]

 20%|██        | 3/15 [03:26<13:42, 68.52s/it]

  0%|          | 0/38 [00:00<?, ?it/s][A

  3%|▎         | 1/38 [00:01<00:51,  1.40s/it][A

  5%|▌         | 2/38 [00:02<00:51,  1.42s/it][A

  8%|▊         | 3/38 [00:04<00:50,  1.45s/it][A

 11%|█         | 4/38 [00:05<00:48,  1.43s/it][A

 13%|█▎        | 5/38 [00:07<00:48,  1.47s/it][A

 16%|█▌        | 6/38 [00:08<00:45,  1.43s/it][A

 18%|█▊        | 7/38 [00:10<00:45,  1.45s/it][A

 21%|██        | 8/38 [00:11<00:42,  1.42s/it][A

 24%|██▎       | 9/38 [00:12<00:41,  1.43s/it][A

 26%|██▋       | 10/38 [00:14<00:41,  1.47s/it][A

 29%|██▉       | 11/38 [00:15<00:39,  1.46s/it][A

 32%|███▏      | 12/38 [00:17<00:37,  1.45s/it][A

 34%|███▍      | 13/38 [00:18<00:36,  1.46s/it][A

 37%|███▋      | 14/38 [00:20<00:34,  1.43s/it][A

 39%|███▉      | 15/38 [00:21<00:33,  1.46s/it][A

 42%|████▏     | 16/38 [00:23<00:32,  1.46s/it][A

 45%|████▍     | 17/38 [00:24<00:31,  1.51s/it][A

 47%|████▋     | 18/38 [00:26<00:30,  1.52s/it][A

 50%|█████     | 19/38 [00:27<00:29,  1.53s/it][A

 53%|█████▎    | 20/38 [00:29<00:27,  1.52s/it][A

 55%|█████▌    | 21/38 [00:30<00:25,  1.51s/it][A

 58%|█████▊    | 22/38 [00:32<00:23,  1.49s/it][A

 61%|██████    | 23/38 [00:33<00:22,  1.50s/it][A

 63%|██████▎   | 24/38 [00:35<00:20,  1.49s/it][A

 66%|██████▌   | 25/38 [00:36<00:19,  1.51s/it][A

 68%|██████▊   | 26/38 [00:38<00:17,  1.48s/it][A

 71%|███████   | 27/38 [00:39<00:16,  1.48s/it][A

 74%|███████▎  | 28/38 [00:41<00:14,  1.47s/it][A

 76%|███████▋  | 29/38 [00:42<00:13,  1.47s/it][A

 79%|███████▉  | 30/38 [00:44<00:11,  1.45s/it][A

 82%|████████▏ | 31/38 [00:45<00:10,  1.45s/it][A

 84%|████████▍ | 32/38 [00:47<00:08,  1.46s/it][A

 87%|████████▋ | 33/38 [00:48<00:07,  1.47s/it][A

 89%|████████▉ | 34/38 [00:50<00:05,  1.48s/it][A

 92%|█████████▏| 35/38 [00:51<00:04,  1.45s/it][A

 95%|█████████▍| 36/38 [00:52<00:02,  1.46s/it][A

 97%|█████████▋| 37/38 [00:54<00:01,  1.44s/it][A

100%|██████████| 38/38 [00:54<00:00,  1.17s/it][A
100%|██████████| 38/38 [00:54<00:00,  1.44s/it]


  0%|          | 0/69 [00:00<?, ?it/s][A

  1%|▏         | 1/69 [00:00<00:08,  8.36it/s][A

  3%|▎         | 2/69 [00:00<00:08,  8.31it/s][A

  4%|▍         | 3/69 [00:00<00:07,  8.44it/s][A

  6%|▌         | 4/69 [00:00<00:07,  8.60it/s][A

  7%|▋         | 5/69 [00:00<00:07,  8.67it/s][A

  9%|▊         | 6/69 [00:00<00:07,  8.45it/s][A

 10%|█         | 7/69 [00:00<00:07,  8.26it/s][A

 12%|█▏        | 8/69 [00:00<00:07,  8.12it/s][A

 13%|█▎        | 9/69 [00:01<00:07,  7.99it/s][A

 14%|█▍        | 10/69 [00:01<00:07,  7.78it/s][A

 16%|█▌        | 11/69 [00:01<00:07,  7.98it/s][A

 17%|█▋        | 12/69 [00:01<00:06,  8.23it/s][A

 19%|█▉        | 13/69 [00:01<00:06,  8.39it/s][A

 20%|██        | 14/69 [00:01<00:06,  8.51it/s][A

 22%|██▏       | 15/69 [00:01<00:06,  8.51it/s][A

 23%|██▎       | 16/69 [00:01<00:06,  8.54it/s][A

 25%|██▍       | 17/69 [00:02<00:06,  8.48it/s][A

 26%|██▌       | 18/69 [00:02<00:06,  8.44it/s][A

 28%|██▊       | 19/69 [00:02<00:05,  8.39it/s][A

 29%|██▉       | 20/69 [00:02<00:05,  8.46it/s][A

 30%|███       | 21/69 [00:02<00:05,  8.56it/s][A

 32%|███▏      | 22/69 [00:02<00:05,  8.61it/s][A

 33%|███▎      | 23/69 [00:02<00:05,  8.60it/s][A

 35%|███▍      | 24/69 [00:02<00:05,  8.59it/s][A

 36%|███▌      | 25/69 [00:02<00:05,  8.53it/s][A

 38%|███▊      | 26/69 [00:03<00:05,  8.18it/s][A

 39%|███▉      | 27/69 [00:03<00:05,  7.99it/s][A

 41%|████      | 28/69 [00:03<00:05,  7.94it/s][A

 42%|████▏     | 29/69 [00:03<00:05,  7.96it/s][A

 43%|████▎     | 30/69 [00:03<00:04,  8.03it/s][A

 45%|████▍     | 31/69 [00:03<00:04,  8.01it/s][A

 46%|████▋     | 32/69 [00:03<00:04,  7.98it/s][A

 48%|████▊     | 33/69 [00:04<00:04,  7.71it/s][A

 49%|████▉     | 34/69 [00:04<00:04,  7.51it/s][A

 51%|█████     | 35/69 [00:04<00:04,  7.39it/s][A

 52%|█████▏    | 36/69 [00:04<00:04,  7.43it/s][A

 54%|█████▎    | 37/69 [00:04<00:04,  7.53it/s][A

 55%|█████▌    | 38/69 [00:04<00:04,  7.64it/s][A

 57%|█████▋    | 39/69 [00:04<00:03,  7.63it/s][A

 58%|█████▊    | 40/69 [00:04<00:03,  7.65it/s][A

 59%|█████▉    | 41/69 [00:05<00:03,  7.51it/s][A

 61%|██████    | 42/69 [00:05<00:03,  7.46it/s][A

 62%|██████▏   | 43/69 [00:05<00:03,  7.41it/s][A

 64%|██████▍   | 44/69 [00:05<00:03,  7.78it/s][A

 65%|██████▌   | 45/69 [00:05<00:02,  8.18it/s][A

 67%|██████▋   | 46/69 [00:05<00:02,  8.49it/s][A

 68%|██████▊   | 47/69 [00:05<00:02,  8.62it/s][A

 70%|██████▉   | 48/69 [00:05<00:02,  8.74it/s][A

 71%|███████   | 49/69 [00:06<00:02,  8.78it/s][A

 72%|███████▏  | 50/69 [00:06<00:02,  8.84it/s][A

 74%|███████▍  | 51/69 [00:06<00:02,  8.85it/s][A

 75%|███████▌  | 52/69 [00:06<00:01,  8.83it/s][A

 77%|███████▋  | 53/69 [00:06<00:01,  8.86it/s][A

 78%|███████▊  | 54/69 [00:06<00:01,  8.99it/s][A

 80%|███████▉  | 55/69 [00:06<00:01,  9.03it/s][A

 81%|████████  | 56/69 [00:06<00:01,  9.00it/s][A

 83%|████████▎ | 57/69 [00:06<00:01,  9.04it/s][A

 84%|████████▍ | 58/69 [00:07<00:01,  9.09it/s][A

 86%|████████▌ | 59/69 [00:07<00:01,  9.14it/s][A

 87%|████████▋ | 60/69 [00:07<00:00,  9.16it/s][A

 88%|████████▊ | 61/69 [00:07<00:00,  9.10it/s][A

 90%|████████▉ | 62/69 [00:07<00:00,  9.03it/s][A

 91%|█████████▏| 63/69 [00:07<00:00,  8.96it/s][A

 93%|█████████▎| 64/69 [00:07<00:00,  8.90it/s][A

 94%|█████████▍| 65/69 [00:07<00:00,  8.99it/s][A

 96%|█████████▌| 66/69 [00:07<00:00,  9.06it/s][A

 97%|█████████▋| 67/69 [00:08<00:00,  9.10it/s][A

 99%|█████████▊| 68/69 [00:08<00:00,  9.03it/s][A

100%|██████████| 69/69 [00:08<00:00,  9.05it/s][A
100%|██████████| 69/69 [00:08<00:00,  8.38it/s]


  0%|          | 0/38 [00:00<?, ?it/s][A

  3%|▎         | 1/38 [00:00<00:04,  8.90it/s][A

  5%|▌         | 2/38 [00:00<00:04,  8.85it/s][A

  8%|▊         | 3/38 [00:00<00:04,  8.74it/s][A

 11%|█         | 4/38 [00:00<00:03,  8.70it/s][A

 13%|█▎        | 5/38 [00:00<00:03,  8.89it/s][A

 16%|█▌        | 6/38 [00:00<00:03,  8.98it/s][A

 18%|█▊        | 7/38 [00:00<00:03,  9.04it/s][A

 21%|██        | 8/38 [00:00<00:03,  9.03it/s][A

 24%|██▎       | 9/38 [00:01<00:03,  9.07it/s][A

 26%|██▋       | 10/38 [00:01<00:03,  8.99it/s][A

 29%|██▉       | 11/38 [00:01<00:03,  8.95it/s][A

 32%|███▏      | 12/38 [00:01<00:02,  8.91it/s][A

 34%|███▍      | 13/38 [00:01<00:02,  8.88it/s][A

 37%|███▋      | 14/38 [00:01<00:02,  8.97it/s][A

 39%|███▉      | 15/38 [00:01<00:02,  9.03it/s][A

 42%|████▏     | 16/38 [00:01<00:02,  9.10it/s][A

 45%|████▍     | 17/38 [00:01<00:02,  9.07it/s][A

 47%|████▋     | 18/38 [00:02<00:02,  9.07it/s][A

 50%|█████     | 19/38 [00:02<00:02,  9.05it/s][A

 53%|█████▎    | 20/38 [00:02<00:02,  8.97it/s][A

 55%|█████▌    | 21/38 [00:02<00:01,  8.83it/s][A

 58%|█████▊    | 22/38 [00:02<00:01,  8.83it/s][A

 61%|██████    | 23/38 [00:02<00:01,  8.94it/s][A

 63%|██████▎   | 24/38 [00:02<00:01,  9.00it/s][A

 66%|██████▌   | 25/38 [00:02<00:01,  9.05it/s][A

 68%|██████▊   | 26/38 [00:02<00:01,  9.01it/s][A

 71%|███████   | 27/38 [00:03<00:01,  9.02it/s][A

 74%|███████▎  | 28/38 [00:03<00:01,  8.97it/s][A

 76%|███████▋  | 29/38 [00:03<00:00,  9.00it/s][A

 79%|███████▉  | 30/38 [00:03<00:00,  8.94it/s][A

 82%|████████▏ | 31/38 [00:03<00:00,  8.97it/s][A

 84%|████████▍ | 32/38 [00:03<00:00,  9.01it/s][A

 87%|████████▋ | 33/38 [00:03<00:00,  9.03it/s][A

 89%|████████▉ | 34/38 [00:03<00:00,  9.07it/s][A

 92%|█████████▏| 35/38 [00:03<00:00,  9.06it/s][A

 95%|█████████▍| 36/38 [00:04<00:00,  9.02it/s][A

 97%|█████████▋| 37/38 [00:04<00:00,  8.98it/s][A

100%|██████████| 38/38 [00:04<00:00,  8.93it/s][A
100%|██████████| 38/38 [00:04<00:00,  8.97it/s]

 27%|██▋       | 4/15 [04:43<13:11, 71.99s/it]

  0%|          | 0/38 [00:00<?, ?it/s][A

  3%|▎         | 1/38 [00:01<00:55,  1.50s/it][A

  5%|▌         | 2/38 [00:02<00:52,  1.46s/it][A

  8%|▊         | 3/38 [00:04<00:51,  1.47s/it][A

 11%|█         | 4/38 [00:05<00:49,  1.46s/it][A

 13%|█▎        | 5/38 [00:07<00:48,  1.46s/it][A

 16%|█▌        | 6/38 [00:08<00:45,  1.43s/it][A

 18%|█▊        | 7/38 [00:10<00:44,  1.42s/it][A

 21%|██        | 8/38 [00:11<00:43,  1.44s/it][A

 24%|██▎       | 9/38 [00:13<00:41,  1.45s/it][A

 26%|██▋       | 10/38 [00:14<00:40,  1.43s/it][A

 29%|██▉       | 11/38 [00:15<00:39,  1.47s/it][A

 32%|███▏      | 12/38 [00:17<00:38,  1.47s/it][A

 34%|███▍      | 13/38 [00:18<00:37,  1.49s/it][A

 37%|███▋      | 14/38 [00:20<00:34,  1.46s/it][A

 39%|███▉      | 15/38 [00:21<00:33,  1.48s/it][A

 42%|████▏     | 16/38 [00:23<00:31,  1.45s/it][A

 45%|████▍     | 17/38 [00:24<00:30,  1.46s/it][A

 47%|████▋     | 18/38 [00:26<00:28,  1.44s/it][A

 50%|█████     | 19/38 [00:27<00:27,  1.44s/it][A

 53%|█████▎    | 20/38 [00:28<00:25,  1.42s/it][A

 55%|█████▌    | 21/38 [00:30<00:23,  1.39s/it][A

 58%|█████▊    | 22/38 [00:31<00:22,  1.43s/it][A

 61%|██████    | 23/38 [00:33<00:20,  1.40s/it][A

 63%|██████▎   | 24/38 [00:34<00:19,  1.42s/it][A

 66%|██████▌   | 25/38 [00:35<00:18,  1.40s/it][A

 68%|██████▊   | 26/38 [00:37<00:16,  1.39s/it][A

 71%|███████   | 27/38 [00:38<00:15,  1.43s/it][A

 74%|███████▎  | 28/38 [00:40<00:14,  1.40s/it][A

 76%|███████▋  | 29/38 [00:41<00:12,  1.44s/it][A

 79%|███████▉  | 30/38 [00:43<00:11,  1.40s/it][A

 82%|████████▏ | 31/38 [00:44<00:09,  1.40s/it][A

 84%|████████▍ | 32/38 [00:45<00:08,  1.40s/it][A

 87%|████████▋ | 33/38 [00:47<00:06,  1.38s/it][A

 89%|████████▉ | 34/38 [00:48<00:05,  1.39s/it][A

 92%|█████████▏| 35/38 [00:49<00:04,  1.38s/it][A

 95%|█████████▍| 36/38 [00:51<00:02,  1.36s/it][A

 97%|█████████▋| 37/38 [00:52<00:01,  1.40s/it][A

100%|██████████| 38/38 [00:53<00:00,  1.13s/it][A
100%|██████████| 38/38 [00:53<00:00,  1.40s/it]


  0%|          | 0/69 [00:00<?, ?it/s][A

  1%|▏         | 1/69 [00:00<00:08,  7.68it/s][A

  3%|▎         | 2/69 [00:00<00:09,  7.21it/s][A

  4%|▍         | 3/69 [00:00<00:08,  7.97it/s][A

  6%|▌         | 4/69 [00:00<00:07,  8.43it/s][A

  7%|▋         | 5/69 [00:00<00:07,  8.72it/s][A

  9%|▊         | 6/69 [00:00<00:07,  8.87it/s][A

 10%|█         | 7/69 [00:00<00:06,  8.99it/s][A

 12%|█▏        | 8/69 [00:00<00:07,  8.36it/s][A

 13%|█▎        | 9/69 [00:01<00:07,  8.05it/s][A

 14%|█▍        | 10/69 [00:01<00:07,  7.67it/s][A

 16%|█▌        | 11/69 [00:01<00:07,  8.12it/s][A

 17%|█▋        | 12/69 [00:01<00:06,  8.46it/s][A

 19%|█▉        | 13/69 [00:01<00:06,  8.67it/s][A

 20%|██        | 14/69 [00:01<00:06,  8.84it/s][A

 22%|██▏       | 15/69 [00:01<00:06,  8.96it/s][A

 23%|██▎       | 16/69 [00:01<00:06,  8.46it/s][A

 25%|██▍       | 17/69 [00:02<00:06,  8.12it/s][A

 26%|██▌       | 18/69 [00:02<00:06,  7.61it/s][A

 28%|██▊       | 19/69 [00:02<00:06,  7.98it/s][A

 29%|██▉       | 20/69 [00:02<00:05,  8.34it/s][A

 30%|███       | 21/69 [00:02<00:05,  8.55it/s][A

 32%|███▏      | 22/69 [00:02<00:05,  8.77it/s][A

 33%|███▎      | 23/69 [00:02<00:05,  8.89it/s][A

 35%|███▍      | 24/69 [00:02<00:05,  8.40it/s][A

 36%|███▌      | 25/69 [00:03<00:05,  8.16it/s][A

 38%|███▊      | 26/69 [00:03<00:05,  7.79it/s][A

 39%|███▉      | 27/69 [00:03<00:05,  8.16it/s][A

 41%|████      | 28/69 [00:03<00:04,  8.46it/s][A

 42%|████▏     | 29/69 [00:03<00:04,  8.67it/s][A

 43%|████▎     | 30/69 [00:03<00:04,  8.85it/s][A

 45%|████▍     | 31/69 [00:03<00:04,  8.97it/s][A

 46%|████▋     | 32/69 [00:03<00:04,  9.07it/s][A

 48%|████▊     | 33/69 [00:03<00:03,  9.16it/s][A

 49%|████▉     | 34/69 [00:04<00:03,  9.20it/s][A

 51%|█████     | 35/69 [00:04<00:03,  8.55it/s][A

 52%|█████▏    | 36/69 [00:04<00:04,  8.01it/s][A

 54%|█████▎    | 37/69 [00:04<00:04,  7.90it/s][A

 55%|█████▌    | 38/69 [00:04<00:03,  8.23it/s][A

 57%|█████▋    | 39/69 [00:04<00:03,  8.52it/s][A

 58%|█████▊    | 40/69 [00:04<00:03,  8.76it/s][A

 59%|█████▉    | 41/69 [00:04<00:03,  8.93it/s][A

 61%|██████    | 42/69 [00:04<00:03,  8.95it/s][A

 62%|██████▏   | 43/69 [00:05<00:03,  8.54it/s][A

 64%|██████▍   | 44/69 [00:05<00:03,  8.08it/s][A

 65%|██████▌   | 45/69 [00:05<00:03,  7.80it/s][A

 67%|██████▋   | 46/69 [00:05<00:02,  8.20it/s][A

 68%|██████▊   | 47/69 [00:05<00:02,  8.52it/s][A

 70%|██████▉   | 48/69 [00:05<00:02,  8.77it/s][A

 71%|███████   | 49/69 [00:05<00:02,  8.91it/s][A

 72%|███████▏  | 50/69 [00:05<00:02,  8.99it/s][A

 74%|███████▍  | 51/69 [00:06<00:02,  8.55it/s][A

 75%|███████▌  | 52/69 [00:06<00:02,  8.24it/s][A

 77%|███████▋  | 53/69 [00:06<00:02,  7.74it/s][A

 78%|███████▊  | 54/69 [00:06<00:01,  8.17it/s][A

 80%|███████▉  | 55/69 [00:06<00:01,  8.45it/s][A

 81%|████████  | 56/69 [00:06<00:01,  8.71it/s][A

 83%|████████▎ | 57/69 [00:06<00:01,  8.86it/s][A

 84%|████████▍ | 58/69 [00:06<00:01,  8.96it/s][A

 86%|████████▌ | 59/69 [00:06<00:01,  8.54it/s][A

 87%|████████▋ | 60/69 [00:07<00:01,  8.16it/s][A

 88%|████████▊ | 61/69 [00:07<00:01,  7.67it/s][A

 90%|████████▉ | 62/69 [00:07<00:00,  8.10it/s][A

 91%|█████████▏| 63/69 [00:07<00:00,  8.42it/s][A

 93%|█████████▎| 64/69 [00:07<00:00,  8.66it/s][A

 94%|█████████▍| 65/69 [00:07<00:00,  8.86it/s][A

 96%|█████████▌| 66/69 [00:07<00:00,  8.96it/s][A

 97%|█████████▋| 67/69 [00:07<00:00,  8.45it/s][A

 99%|█████████▊| 68/69 [00:08<00:00,  8.11it/s][A

100%|██████████| 69/69 [00:08<00:00,  7.67it/s][A
100%|██████████| 69/69 [00:08<00:00,  8.40it/s]


  0%|          | 0/38 [00:00<?, ?it/s][A

  3%|▎         | 1/38 [00:00<00:03,  9.25it/s][A

  5%|▌         | 2/38 [00:00<00:03,  9.26it/s][A

  8%|▊         | 3/38 [00:00<00:03,  9.24it/s][A

 11%|█         | 4/38 [00:00<00:03,  9.22it/s][A

 13%|█▎        | 5/38 [00:00<00:03,  9.23it/s][A

 16%|█▌        | 6/38 [00:00<00:03,  8.75it/s][A

 18%|█▊        | 7/38 [00:00<00:03,  8.16it/s][A

 21%|██        | 8/38 [00:00<00:03,  7.67it/s][A

 24%|██▎       | 9/38 [00:01<00:03,  7.81it/s][A

 26%|██▋       | 10/38 [00:01<00:03,  8.20it/s][A

 29%|██▉       | 11/38 [00:01<00:03,  8.51it/s][A

 32%|███▏      | 12/38 [00:01<00:02,  8.71it/s][A

 34%|███▍      | 13/38 [00:01<00:02,  8.80it/s][A

 37%|███▋      | 14/38 [00:01<00:02,  8.81it/s][A

 39%|███▉      | 15/38 [00:01<00:02,  8.26it/s][A

 42%|████▏     | 16/38 [00:01<00:02,  7.84it/s][A

 45%|████▍     | 17/38 [00:02<00:02,  7.68it/s][A

 47%|████▋     | 18/38 [00:02<00:02,  8.09it/s][A

 50%|█████     | 19/38 [00:02<00:02,  8.41it/s][A

 53%|█████▎    | 20/38 [00:02<00:02,  8.60it/s][A

 55%|█████▌    | 21/38 [00:02<00:01,  8.79it/s][A

 58%|█████▊    | 22/38 [00:02<00:01,  8.74it/s][A

 61%|██████    | 23/38 [00:02<00:01,  8.22it/s][A

 63%|██████▎   | 24/38 [00:02<00:01,  7.72it/s][A

 66%|██████▌   | 25/38 [00:03<00:01,  7.58it/s][A

 68%|██████▊   | 26/38 [00:03<00:01,  8.02it/s][A

 71%|███████   | 27/38 [00:03<00:01,  8.37it/s][A

 74%|███████▎  | 28/38 [00:03<00:01,  8.60it/s][A

 76%|███████▋  | 29/38 [00:03<00:01,  8.77it/s][A

 79%|███████▉  | 30/38 [00:03<00:00,  8.65it/s][A

 82%|████████▏ | 31/38 [00:03<00:00,  8.14it/s][A

 84%|████████▍ | 32/38 [00:03<00:00,  7.62it/s][A

 87%|████████▋ | 33/38 [00:03<00:00,  7.57it/s][A

 89%|████████▉ | 34/38 [00:04<00:00,  8.02it/s][A

 92%|█████████▏| 35/38 [00:04<00:00,  8.33it/s][A

 95%|█████████▍| 36/38 [00:04<00:00,  8.54it/s][A

 97%|█████████▋| 37/38 [00:04<00:00,  8.68it/s][A

100%|██████████| 38/38 [00:04<00:00,  8.38it/s][A
100%|██████████| 38/38 [00:04<00:00,  8.33it/s]

 33%|███▎      | 5/15 [06:00<12:18, 73.82s/it]

  0%|          | 0/38 [00:00<?, ?it/s][A

  3%|▎         | 1/38 [00:01<00:58,  1.57s/it][A

  5%|▌         | 2/38 [00:03<00:54,  1.52s/it][A

  8%|▊         | 3/38 [00:04<00:54,  1.55s/it][A

 11%|█         | 4/38 [00:05<00:49,  1.46s/it][A

 13%|█▎        | 5/38 [00:07<00:47,  1.44s/it][A

 16%|█▌        | 6/38 [00:08<00:46,  1.45s/it][A

 18%|█▊        | 7/38 [00:10<00:44,  1.43s/it][A

 21%|██        | 8/38 [00:11<00:42,  1.41s/it][A

 24%|██▎       | 9/38 [00:13<00:41,  1.43s/it][A

 26%|██▋       | 10/38 [00:14<00:40,  1.43s/it][A

 29%|██▉       | 11/38 [00:15<00:38,  1.43s/it][A

 32%|███▏      | 12/38 [00:17<00:37,  1.42s/it][A

 34%|███▍      | 13/38 [00:18<00:35,  1.43s/it][A

 37%|███▋      | 14/38 [00:20<00:34,  1.44s/it][A

 39%|███▉      | 15/38 [00:21<00:33,  1.45s/it][A

 42%|████▏     | 16/38 [00:23<00:31,  1.44s/it][A

 45%|████▍     | 17/38 [00:24<00:30,  1.44s/it][A

 47%|████▋     | 18/38 [00:26<00:28,  1.44s/it][A

 50%|█████     | 19/38 [00:27<00:27,  1.44s/it][A

 53%|█████▎    | 20/38 [00:28<00:25,  1.44s/it][A

 55%|█████▌    | 21/38 [00:30<00:24,  1.42s/it][A

 58%|█████▊    | 22/38 [00:31<00:22,  1.43s/it][A

 61%|██████    | 23/38 [00:33<00:21,  1.44s/it][A

 63%|██████▎   | 24/38 [00:34<00:20,  1.44s/it][A

 66%|██████▌   | 25/38 [00:36<00:18,  1.43s/it][A

 68%|██████▊   | 26/38 [00:37<00:16,  1.40s/it][A

 71%|███████   | 27/38 [00:38<00:15,  1.38s/it][A

 74%|███████▎  | 28/38 [00:40<00:13,  1.37s/it][A

 76%|███████▋  | 29/38 [00:41<00:12,  1.35s/it][A

 79%|███████▉  | 30/38 [00:42<00:10,  1.34s/it][A

 82%|████████▏ | 31/38 [00:44<00:09,  1.38s/it][A

 84%|████████▍ | 32/38 [00:45<00:08,  1.36s/it][A

 87%|████████▋ | 33/38 [00:46<00:06,  1.35s/it][A

 89%|████████▉ | 34/38 [00:48<00:05,  1.34s/it][A

 92%|█████████▏| 35/38 [00:49<00:03,  1.33s/it][A

 95%|█████████▍| 36/38 [00:50<00:02,  1.33s/it][A

 97%|█████████▋| 37/38 [00:52<00:01,  1.32s/it][A

100%|██████████| 38/38 [00:52<00:00,  1.08s/it][A
100%|██████████| 38/38 [00:52<00:00,  1.38s/it]


  0%|          | 0/69 [00:00<?, ?it/s][A

  1%|▏         | 1/69 [00:00<00:07,  9.25it/s][A

  3%|▎         | 2/69 [00:00<00:07,  9.32it/s][A

  4%|▍         | 3/69 [00:00<00:07,  9.20it/s][A

  6%|▌         | 4/69 [00:00<00:07,  9.23it/s][A

  7%|▋         | 5/69 [00:00<00:06,  9.22it/s][A

  9%|▊         | 6/69 [00:00<00:06,  9.25it/s][A

 10%|█         | 7/69 [00:00<00:06,  9.26it/s][A

 12%|█▏        | 8/69 [00:00<00:06,  9.22it/s][A

 13%|█▎        | 9/69 [00:00<00:06,  9.25it/s][A

 14%|█▍        | 10/69 [00:01<00:06,  9.26it/s][A

 16%|█▌        | 11/69 [00:01<00:06,  9.23it/s][A

 17%|█▋        | 12/69 [00:01<00:06,  9.26it/s][A

 19%|█▉        | 13/69 [00:01<00:06,  9.26it/s][A

 20%|██        | 14/69 [00:01<00:05,  9.27it/s][A

 22%|██▏       | 15/69 [00:01<00:05,  9.28it/s][A

 23%|██▎       | 16/69 [00:01<00:05,  9.28it/s][A

 25%|██▍       | 17/69 [00:01<00:05,  9.28it/s][A

 26%|██▌       | 18/69 [00:01<00:05,  9.23it/s][A

 28%|██▊       | 19/69 [00:02<00:05,  9.26it/s][A

 29%|██▉       | 20/69 [00:02<00:05,  9.25it/s][A

 30%|███       | 21/69 [00:02<00:05,  9.27it/s][A

 32%|███▏      | 22/69 [00:02<00:05,  9.28it/s][A

 33%|███▎      | 23/69 [00:02<00:04,  9.29it/s][A

 35%|███▍      | 24/69 [00:02<00:04,  9.29it/s][A

 36%|███▌      | 25/69 [00:02<00:04,  9.29it/s][A

 38%|███▊      | 26/69 [00:02<00:04,  9.29it/s][A

 39%|███▉      | 27/69 [00:02<00:04,  9.30it/s][A

 41%|████      | 28/69 [00:03<00:04,  9.28it/s][A

 42%|████▏     | 29/69 [00:03<00:04,  9.26it/s][A

 43%|████▎     | 30/69 [00:03<00:04,  9.27it/s][A

 45%|████▍     | 31/69 [00:03<00:04,  9.24it/s][A

 46%|████▋     | 32/69 [00:03<00:03,  9.25it/s][A

 48%|████▊     | 33/69 [00:03<00:03,  9.18it/s][A

 49%|████▉     | 34/69 [00:03<00:03,  9.21it/s][A

 51%|█████     | 35/69 [00:03<00:03,  9.24it/s][A

 52%|█████▏    | 36/69 [00:03<00:03,  9.25it/s][A

 54%|█████▎    | 37/69 [00:03<00:03,  9.27it/s][A

 55%|█████▌    | 38/69 [00:04<00:03,  9.27it/s][A

 57%|█████▋    | 39/69 [00:04<00:03,  9.27it/s][A

 58%|█████▊    | 40/69 [00:04<00:03,  9.24it/s][A

 59%|█████▉    | 41/69 [00:04<00:03,  9.21it/s][A

 61%|██████    | 42/69 [00:04<00:02,  9.22it/s][A

 62%|██████▏   | 43/69 [00:04<00:02,  9.20it/s][A

 64%|██████▍   | 44/69 [00:04<00:02,  9.23it/s][A

 65%|██████▌   | 45/69 [00:04<00:02,  9.24it/s][A

 67%|██████▋   | 46/69 [00:04<00:02,  9.24it/s][A

 68%|██████▊   | 47/69 [00:05<00:02,  9.27it/s][A

 70%|██████▉   | 48/69 [00:05<00:02,  9.25it/s][A

 71%|███████   | 49/69 [00:05<00:02,  9.29it/s][A

 72%|███████▏  | 50/69 [00:05<00:02,  9.27it/s][A

 74%|███████▍  | 51/69 [00:05<00:01,  9.28it/s][A

 75%|███████▌  | 52/69 [00:05<00:01,  8.97it/s][A

 77%|███████▋  | 53/69 [00:05<00:01,  8.75it/s][A

 78%|███████▊  | 54/69 [00:05<00:01,  8.73it/s][A

 80%|███████▉  | 55/69 [00:05<00:01,  8.69it/s][A

 81%|████████  | 56/69 [00:06<00:01,  8.03it/s][A

 83%|████████▎ | 57/69 [00:06<00:01,  8.21it/s][A

 84%|████████▍ | 58/69 [00:06<00:01,  8.32it/s][A

 86%|████████▌ | 59/69 [00:06<00:01,  7.83it/s][A

 87%|████████▋ | 60/69 [00:06<00:01,  7.51it/s][A

 88%|████████▊ | 61/69 [00:06<00:01,  7.81it/s][A

 90%|████████▉ | 62/69 [00:06<00:00,  8.07it/s][A

 91%|█████████▏| 63/69 [00:06<00:00,  8.26it/s][A

 93%|█████████▎| 64/69 [00:07<00:00,  8.37it/s][A

 94%|█████████▍| 65/69 [00:07<00:00,  8.47it/s][A

 96%|█████████▌| 66/69 [00:07<00:00,  8.52it/s][A

 97%|█████████▋| 67/69 [00:07<00:00,  8.57it/s][A

 99%|█████████▊| 68/69 [00:07<00:00,  8.61it/s][A

100%|██████████| 69/69 [00:07<00:00,  8.64it/s][A
100%|██████████| 69/69 [00:07<00:00,  8.97it/s]


  0%|          | 0/38 [00:00<?, ?it/s][A

  3%|▎         | 1/38 [00:00<00:04,  8.67it/s][A

  5%|▌         | 2/38 [00:00<00:04,  8.72it/s][A

  8%|▊         | 3/38 [00:00<00:04,  8.68it/s][A

 11%|█         | 4/38 [00:00<00:03,  8.56it/s][A

 13%|█▎        | 5/38 [00:00<00:03,  8.60it/s][A

 16%|█▌        | 6/38 [00:00<00:03,  8.63it/s][A

 18%|█▊        | 7/38 [00:00<00:03,  8.63it/s][A

 21%|██        | 8/38 [00:00<00:03,  8.62it/s][A

 24%|██▎       | 9/38 [00:01<00:03,  8.66it/s][A

 26%|██▋       | 10/38 [00:01<00:03,  8.69it/s][A

 29%|██▉       | 11/38 [00:01<00:03,  8.68it/s][A

 32%|███▏      | 12/38 [00:01<00:02,  8.69it/s][A

 34%|███▍      | 13/38 [00:01<00:02,  8.66it/s][A

 37%|███▋      | 14/38 [00:01<00:02,  8.67it/s][A

 39%|███▉      | 15/38 [00:01<00:02,  8.69it/s][A

 42%|████▏     | 16/38 [00:01<00:02,  8.62it/s][A

 45%|████▍     | 17/38 [00:01<00:02,  8.63it/s][A

 47%|████▋     | 18/38 [00:02<00:02,  8.63it/s][A

 50%|█████     | 19/38 [00:02<00:02,  8.65it/s][A

 53%|█████▎    | 20/38 [00:02<00:02,  8.65it/s][A

 55%|█████▌    | 21/38 [00:02<00:01,  8.67it/s][A

 58%|█████▊    | 22/38 [00:02<00:01,  8.69it/s][A

 61%|██████    | 23/38 [00:02<00:01,  8.70it/s][A

 63%|██████▎   | 24/38 [00:02<00:01,  8.67it/s][A

 66%|██████▌   | 25/38 [00:02<00:01,  8.85it/s][A

 68%|██████▊   | 26/38 [00:02<00:01,  9.00it/s][A

 71%|███████   | 27/38 [00:03<00:01,  9.07it/s][A

 74%|███████▎  | 28/38 [00:03<00:01,  9.12it/s][A

 76%|███████▋  | 29/38 [00:03<00:00,  9.13it/s][A

 79%|███████▉  | 30/38 [00:03<00:00,  8.81it/s][A

 82%|████████▏ | 31/38 [00:03<00:00,  8.57it/s][A

 84%|████████▍ | 32/38 [00:03<00:00,  8.42it/s][A

 87%|████████▋ | 33/38 [00:03<00:00,  8.28it/s][A

 89%|████████▉ | 34/38 [00:03<00:00,  8.39it/s][A

 92%|█████████▏| 35/38 [00:04<00:00,  8.45it/s][A

 95%|█████████▍| 36/38 [00:04<00:00,  8.35it/s][A

 97%|█████████▋| 37/38 [00:04<00:00,  8.28it/s][A

100%|██████████| 38/38 [00:04<00:00,  8.23it/s][A
100%|██████████| 38/38 [00:04<00:00,  8.62it/s]

 40%|████      | 6/15 [07:14<11:04, 73.85s/it]

  0%|          | 0/38 [00:00<?, ?it/s][A

  3%|▎         | 1/38 [00:01<00:55,  1.49s/it][A

  5%|▌         | 2/38 [00:02<00:51,  1.42s/it][A

  8%|▊         | 3/38 [00:04<00:48,  1.39s/it][A

 11%|█         | 4/38 [00:05<00:46,  1.38s/it][A

 13%|█▎        | 5/38 [00:06<00:45,  1.39s/it][A

 16%|█▌        | 6/38 [00:08<00:44,  1.40s/it][A

 18%|█▊        | 7/38 [00:09<00:43,  1.39s/it][A

 21%|██        | 8/38 [00:11<00:41,  1.37s/it][A

 24%|██▎       | 9/38 [00:12<00:39,  1.35s/it][A

 26%|██▋       | 10/38 [00:13<00:37,  1.34s/it][A

 29%|██▉       | 11/38 [00:15<00:35,  1.33s/it][A

 32%|███▏      | 12/38 [00:16<00:34,  1.33s/it][A

 34%|███▍      | 13/38 [00:17<00:33,  1.34s/it][A

 37%|███▋      | 14/38 [00:19<00:32,  1.35s/it][A

 39%|███▉      | 15/38 [00:20<00:31,  1.36s/it][A

 42%|████▏     | 16/38 [00:21<00:29,  1.36s/it][A

 45%|████▍     | 17/38 [00:23<00:28,  1.35s/it][A

 47%|████▋     | 18/38 [00:24<00:26,  1.33s/it][A

 50%|█████     | 19/38 [00:25<00:25,  1.33s/it][A

 53%|█████▎    | 20/38 [00:27<00:24,  1.34s/it][A

 55%|█████▌    | 21/38 [00:28<00:22,  1.35s/it][A

 58%|█████▊    | 22/38 [00:29<00:21,  1.36s/it][A

 61%|██████    | 23/38 [00:31<00:20,  1.36s/it][A

 63%|██████▎   | 24/38 [00:32<00:19,  1.37s/it][A

 66%|██████▌   | 25/38 [00:34<00:17,  1.37s/it][A

 68%|██████▊   | 26/38 [00:35<00:16,  1.37s/it][A

 71%|███████   | 27/38 [00:36<00:15,  1.37s/it][A

 74%|███████▎  | 28/38 [00:38<00:13,  1.38s/it][A

 76%|███████▋  | 29/38 [00:39<00:12,  1.37s/it][A

 79%|███████▉  | 30/38 [00:40<00:11,  1.38s/it][A

 82%|████████▏ | 31/38 [00:42<00:09,  1.38s/it][A

 84%|████████▍ | 32/38 [00:43<00:08,  1.39s/it][A

 87%|████████▋ | 33/38 [00:45<00:06,  1.38s/it][A

 89%|████████▉ | 34/38 [00:46<00:05,  1.36s/it][A

 92%|█████████▏| 35/38 [00:47<00:04,  1.42s/it][A

 95%|█████████▍| 36/38 [00:49<00:02,  1.41s/it][A

 97%|█████████▋| 37/38 [00:50<00:01,  1.43s/it][A

100%|██████████| 38/38 [00:51<00:00,  1.17s/it][A
100%|██████████| 38/38 [00:51<00:00,  1.35s/it]


  0%|          | 0/69 [00:00<?, ?it/s][A

  1%|▏         | 1/69 [00:00<00:09,  7.35it/s][A

  3%|▎         | 2/69 [00:00<00:09,  7.19it/s][A

  4%|▍         | 3/69 [00:00<00:09,  6.91it/s][A

  6%|▌         | 4/69 [00:00<00:08,  7.58it/s][A

  7%|▋         | 5/69 [00:00<00:08,  7.94it/s][A

  9%|▊         | 6/69 [00:00<00:07,  8.23it/s][A

 10%|█         | 7/69 [00:00<00:07,  8.40it/s][A

 12%|█▏        | 8/69 [00:00<00:07,  8.50it/s][A

 13%|█▎        | 9/69 [00:01<00:07,  8.21it/s][A

 14%|█▍        | 10/69 [00:01<00:07,  8.04it/s][A

 16%|█▌        | 11/69 [00:01<00:07,  7.59it/s][A

 17%|█▋        | 12/69 [00:01<00:07,  8.03it/s][A

 19%|█▉        | 13/69 [00:01<00:06,  8.36it/s][A

 20%|██        | 14/69 [00:01<00:06,  8.57it/s][A

 22%|██▏       | 15/69 [00:01<00:06,  8.73it/s][A

 23%|██▎       | 16/69 [00:01<00:05,  8.87it/s][A

 25%|██▍       | 17/69 [00:02<00:05,  8.97it/s][A

 26%|██▌       | 18/69 [00:02<00:05,  9.07it/s][A

 28%|██▊       | 19/69 [00:02<00:05,  9.15it/s][A

 29%|██▉       | 20/69 [00:02<00:05,  9.20it/s][A

 30%|███       | 21/69 [00:02<00:05,  9.20it/s][A

 32%|███▏      | 22/69 [00:02<00:05,  8.52it/s][A

 33%|███▎      | 23/69 [00:02<00:05,  8.32it/s][A

 35%|███▍      | 24/69 [00:02<00:05,  7.89it/s][A

 36%|███▌      | 25/69 [00:03<00:05,  8.29it/s][A

 38%|███▊      | 26/69 [00:03<00:05,  8.55it/s][A

 39%|███▉      | 27/69 [00:03<00:04,  8.73it/s][A

 41%|████      | 28/69 [00:03<00:04,  8.88it/s][A

 42%|████▏     | 29/69 [00:03<00:04,  8.97it/s][A

 43%|████▎     | 30/69 [00:03<00:04,  8.58it/s][A

 45%|████▍     | 31/69 [00:03<00:04,  8.31it/s][A

 46%|████▋     | 32/69 [00:03<00:04,  7.84it/s][A

 48%|████▊     | 33/69 [00:03<00:04,  8.24it/s][A

 49%|████▉     | 34/69 [00:04<00:04,  8.53it/s][A

 51%|█████     | 35/69 [00:04<00:03,  8.74it/s][A

 52%|█████▏    | 36/69 [00:04<00:03,  8.83it/s][A

 54%|█████▎    | 37/69 [00:04<00:03,  8.87it/s][A

 55%|█████▌    | 38/69 [00:04<00:03,  8.35it/s][A

 57%|█████▋    | 39/69 [00:04<00:03,  8.02it/s][A

 58%|█████▊    | 40/69 [00:04<00:03,  7.71it/s][A

 59%|█████▉    | 41/69 [00:04<00:03,  8.12it/s][A

 61%|██████    | 42/69 [00:05<00:03,  8.40it/s][A

 62%|██████▏   | 43/69 [00:05<00:03,  8.61it/s][A

 64%|██████▍   | 44/69 [00:05<00:02,  8.76it/s][A

 65%|██████▌   | 45/69 [00:05<00:02,  8.91it/s][A

 67%|██████▋   | 46/69 [00:05<00:02,  8.62it/s][A

 68%|██████▊   | 47/69 [00:05<00:02,  8.20it/s][A

 70%|██████▉   | 48/69 [00:05<00:02,  7.81it/s][A

 71%|███████   | 49/69 [00:05<00:02,  8.07it/s][A

 72%|███████▏  | 50/69 [00:05<00:02,  8.36it/s][A

 74%|███████▍  | 51/69 [00:06<00:02,  8.56it/s][A

 75%|███████▌  | 52/69 [00:06<00:01,  8.68it/s][A

 77%|███████▋  | 53/69 [00:06<00:01,  8.81it/s][A

 78%|███████▊  | 54/69 [00:06<00:01,  8.94it/s][A

 80%|███████▉  | 55/69 [00:06<00:01,  9.00it/s][A

 81%|████████  | 56/69 [00:06<00:01,  8.99it/s][A

 83%|████████▎ | 57/69 [00:06<00:01,  8.28it/s][A

 84%|████████▍ | 58/69 [00:06<00:01,  8.09it/s][A

 86%|████████▌ | 59/69 [00:07<00:01,  7.70it/s][A

 87%|████████▋ | 60/69 [00:07<00:01,  8.14it/s][A

 88%|████████▊ | 61/69 [00:07<00:00,  8.45it/s][A

 90%|████████▉ | 62/69 [00:07<00:00,  8.69it/s][A

 91%|█████████▏| 63/69 [00:07<00:00,  8.86it/s][A

 93%|█████████▎| 64/69 [00:07<00:00,  9.00it/s][A

 94%|█████████▍| 65/69 [00:07<00:00,  8.71it/s][A

 96%|█████████▌| 66/69 [00:07<00:00,  8.55it/s][A

 97%|█████████▋| 67/69 [00:07<00:00,  8.33it/s][A

 99%|█████████▊| 68/69 [00:08<00:00,  8.64it/s][A

100%|██████████| 69/69 [00:08<00:00,  8.85it/s][A
100%|██████████| 69/69 [00:08<00:00,  8.45it/s]


  0%|          | 0/38 [00:00<?, ?it/s][A

  3%|▎         | 1/38 [00:00<00:03,  9.36it/s][A

  5%|▌         | 2/38 [00:00<00:03,  9.22it/s][A

  8%|▊         | 3/38 [00:00<00:03,  9.31it/s][A

 11%|█         | 4/38 [00:00<00:03,  8.86it/s][A

 13%|█▎        | 5/38 [00:00<00:03,  8.70it/s][A

 16%|█▌        | 6/38 [00:00<00:03,  8.46it/s][A

 18%|█▊        | 7/38 [00:00<00:03,  8.77it/s][A

 21%|██        | 8/38 [00:00<00:03,  8.97it/s][A

 24%|██▎       | 9/38 [00:01<00:03,  9.13it/s][A

 26%|██▋       | 10/38 [00:01<00:03,  9.20it/s][A

 29%|██▉       | 11/38 [00:01<00:02,  9.27it/s][A

 32%|███▏      | 12/38 [00:01<00:02,  9.13it/s][A

 34%|███▍      | 13/38 [00:01<00:02,  8.84it/s][A

 37%|███▋      | 14/38 [00:01<00:02,  8.53it/s][A

 39%|███▉      | 15/38 [00:01<00:02,  8.78it/s][A

 42%|████▏     | 16/38 [00:01<00:02,  8.97it/s][A

 45%|████▍     | 17/38 [00:01<00:02,  9.05it/s][A

 47%|████▋     | 18/38 [00:02<00:02,  9.15it/s][A

 50%|█████     | 19/38 [00:02<00:02,  9.22it/s][A

 53%|█████▎    | 20/38 [00:02<00:01,  9.24it/s][A

 55%|█████▌    | 21/38 [00:02<00:01,  8.94it/s][A

 58%|█████▊    | 22/38 [00:02<00:01,  8.48it/s][A

 61%|██████    | 23/38 [00:02<00:01,  8.37it/s][A

 63%|██████▎   | 24/38 [00:02<00:01,  8.67it/s][A

 66%|██████▌   | 25/38 [00:02<00:01,  8.87it/s][A

 68%|██████▊   | 26/38 [00:02<00:01,  9.02it/s][A

 71%|███████   | 27/38 [00:03<00:01,  9.14it/s][A

 74%|███████▎  | 28/38 [00:03<00:01,  9.22it/s][A

 76%|███████▋  | 29/38 [00:03<00:01,  8.74it/s][A

 79%|███████▉  | 30/38 [00:03<00:00,  8.37it/s][A

 82%|████████▏ | 31/38 [00:03<00:00,  7.93it/s][A

 84%|████████▍ | 32/38 [00:03<00:00,  8.24it/s][A

 87%|████████▋ | 33/38 [00:03<00:00,  8.50it/s][A

 89%|████████▉ | 34/38 [00:03<00:00,  8.71it/s][A

 92%|█████████▏| 35/38 [00:03<00:00,  8.79it/s][A

 95%|█████████▍| 36/38 [00:04<00:00,  8.89it/s][A

 97%|█████████▋| 37/38 [00:04<00:00,  8.38it/s][A

100%|██████████| 38/38 [00:04<00:00,  8.01it/s][A
100%|██████████| 38/38 [00:04<00:00,  8.73it/s]

 47%|████▋     | 7/15 [08:18<09:24, 70.60s/it]

  0%|          | 0/38 [00:00<?, ?it/s][A

  3%|▎         | 1/38 [00:01<00:51,  1.39s/it][A

  5%|▌         | 2/38 [00:02<00:48,  1.36s/it][A

  8%|▊         | 3/38 [00:04<00:47,  1.36s/it][A

 11%|█         | 4/38 [00:05<00:47,  1.39s/it][A

 13%|█▎        | 5/38 [00:06<00:45,  1.37s/it][A

 16%|█▌        | 6/38 [00:08<00:44,  1.40s/it][A

 18%|█▊        | 7/38 [00:09<00:42,  1.38s/it][A

 21%|██        | 8/38 [00:11<00:42,  1.42s/it][A

 24%|██▎       | 9/38 [00:12<00:40,  1.39s/it][A

 26%|██▋       | 10/38 [00:13<00:39,  1.40s/it][A

 29%|██▉       | 11/38 [00:15<00:37,  1.40s/it][A

 32%|███▏      | 12/38 [00:16<00:35,  1.38s/it][A

 34%|███▍      | 13/38 [00:18<00:35,  1.40s/it][A

 37%|███▋      | 14/38 [00:19<00:33,  1.38s/it][A

 39%|███▉      | 15/38 [00:20<00:32,  1.42s/it][A

 42%|████▏     | 16/38 [00:22<00:30,  1.40s/it][A

 45%|████▍     | 17/38 [00:23<00:29,  1.41s/it][A

 47%|████▋     | 18/38 [00:25<00:27,  1.39s/it][A

 50%|█████     | 19/38 [00:26<00:26,  1.38s/it][A

 53%|█████▎    | 20/38 [00:27<00:25,  1.40s/it][A

 55%|█████▌    | 21/38 [00:29<00:23,  1.38s/it][A

 58%|█████▊    | 22/38 [00:30<00:22,  1.42s/it][A

 61%|██████    | 23/38 [00:32<00:21,  1.41s/it][A

 63%|██████▎   | 24/38 [00:33<00:19,  1.43s/it][A

 66%|██████▌   | 25/38 [00:34<00:18,  1.40s/it][A

 68%|██████▊   | 26/38 [00:36<00:16,  1.41s/it][A

 71%|███████   | 27/38 [00:37<00:15,  1.40s/it][A

 74%|███████▎  | 28/38 [00:39<00:13,  1.39s/it][A

 76%|███████▋  | 29/38 [00:40<00:12,  1.41s/it][A

 79%|███████▉  | 30/38 [00:41<00:11,  1.39s/it][A

 82%|████████▏ | 31/38 [00:43<00:09,  1.43s/it][A

 84%|████████▍ | 32/38 [00:44<00:08,  1.42s/it][A

 87%|████████▋ | 33/38 [00:46<00:06,  1.40s/it][A

 89%|████████▉ | 34/38 [00:47<00:05,  1.42s/it][A

 92%|█████████▏| 35/38 [00:48<00:04,  1.39s/it][A

 95%|█████████▍| 36/38 [00:50<00:02,  1.43s/it][A

 97%|█████████▋| 37/38 [00:51<00:01,  1.44s/it][A

100%|██████████| 38/38 [00:52<00:00,  1.17s/it][A
100%|██████████| 38/38 [00:52<00:00,  1.38s/it]


  0%|          | 0/69 [00:00<?, ?it/s][A

  1%|▏         | 1/69 [00:00<00:09,  7.51it/s][A

  3%|▎         | 2/69 [00:00<00:09,  6.88it/s][A

  4%|▍         | 3/69 [00:00<00:08,  7.60it/s][A

  6%|▌         | 4/69 [00:00<00:08,  8.03it/s][A

  7%|▋         | 5/69 [00:00<00:07,  8.35it/s][A

  9%|▊         | 6/69 [00:00<00:07,  8.62it/s][A

 10%|█         | 7/69 [00:00<00:07,  8.72it/s][A

 12%|█▏        | 8/69 [00:00<00:07,  8.32it/s][A

 13%|█▎        | 9/69 [00:01<00:07,  7.98it/s][A

 14%|█▍        | 10/69 [00:01<00:07,  7.60it/s][A

 16%|█▌        | 11/69 [00:01<00:07,  8.03it/s][A

 17%|█▋        | 12/69 [00:01<00:06,  8.36it/s][A

 19%|█▉        | 13/69 [00:01<00:06,  8.55it/s][A

 20%|██        | 14/69 [00:01<00:06,  8.74it/s][A

 22%|██▏       | 15/69 [00:01<00:06,  8.85it/s][A

 23%|██▎       | 16/69 [00:01<00:05,  8.96it/s][A

 25%|██▍       | 17/69 [00:02<00:05,  9.02it/s][A

 26%|██▌       | 18/69 [00:02<00:05,  9.05it/s][A

 28%|██▊       | 19/69 [00:02<00:05,  8.38it/s][A

 29%|██▉       | 20/69 [00:02<00:06,  8.01it/s][A

 30%|███       | 21/69 [00:02<00:06,  7.63it/s][A

 32%|███▏      | 22/69 [00:02<00:05,  8.03it/s][A

 33%|███▎      | 23/69 [00:02<00:05,  8.31it/s][A

 35%|███▍      | 24/69 [00:02<00:05,  8.57it/s][A

 36%|███▌      | 25/69 [00:02<00:05,  8.74it/s][A

 38%|███▊      | 26/69 [00:03<00:04,  8.87it/s][A

 39%|███▉      | 27/69 [00:03<00:05,  8.32it/s][A

 41%|████      | 28/69 [00:03<00:05,  8.11it/s][A

 42%|████▏     | 29/69 [00:03<00:05,  7.68it/s][A

 43%|████▎     | 30/69 [00:03<00:04,  8.11it/s][A

 45%|████▍     | 31/69 [00:03<00:04,  8.42it/s][A

 46%|████▋     | 32/69 [00:03<00:04,  8.61it/s][A

 48%|████▊     | 33/69 [00:03<00:04,  8.77it/s][A

 49%|████▉     | 34/69 [00:04<00:03,  8.89it/s][A

 51%|█████     | 35/69 [00:04<00:04,  8.30it/s][A

 52%|█████▏    | 36/69 [00:04<00:04,  8.00it/s][A

 54%|█████▎    | 37/69 [00:04<00:04,  7.63it/s][A

 55%|█████▌    | 38/69 [00:04<00:03,  8.03it/s][A

 57%|█████▋    | 39/69 [00:04<00:03,  8.30it/s][A

 58%|█████▊    | 40/69 [00:04<00:03,  8.55it/s][A

 59%|█████▉    | 41/69 [00:04<00:03,  8.72it/s][A

 61%|██████    | 42/69 [00:05<00:03,  8.87it/s][A

 62%|██████▏   | 43/69 [00:05<00:03,  8.40it/s][A

 64%|██████▍   | 44/69 [00:05<00:03,  7.96it/s][A

 65%|██████▌   | 45/69 [00:05<00:03,  7.64it/s][A

 67%|██████▋   | 46/69 [00:05<00:02,  8.06it/s][A

 68%|██████▊   | 47/69 [00:05<00:02,  8.39it/s][A

 70%|██████▉   | 48/69 [00:05<00:02,  8.66it/s][A

 71%|███████   | 49/69 [00:05<00:02,  8.79it/s][A

 72%|███████▏  | 50/69 [00:05<00:02,  8.94it/s][A

 74%|███████▍  | 51/69 [00:06<00:02,  8.99it/s][A

 75%|███████▌  | 52/69 [00:06<00:02,  8.39it/s][A

 77%|███████▋  | 53/69 [00:06<00:02,  7.86it/s][A

 78%|███████▊  | 54/69 [00:06<00:01,  7.73it/s][A

 80%|███████▉  | 55/69 [00:06<00:01,  8.12it/s][A

 81%|████████  | 56/69 [00:06<00:01,  8.38it/s][A

 83%|████████▎ | 57/69 [00:06<00:01,  8.66it/s][A

 84%|████████▍ | 58/69 [00:06<00:01,  8.84it/s][A

 86%|████████▌ | 59/69 [00:07<00:01,  8.95it/s][A

 87%|████████▋ | 60/69 [00:07<00:01,  8.43it/s][A

 88%|████████▊ | 61/69 [00:07<00:00,  8.20it/s][A

 90%|████████▉ | 62/69 [00:07<00:00,  7.77it/s][A

 91%|█████████▏| 63/69 [00:07<00:00,  8.17it/s][A

 93%|█████████▎| 64/69 [00:07<00:00,  8.42it/s][A

 94%|█████████▍| 65/69 [00:07<00:00,  8.58it/s][A

 96%|█████████▌| 66/69 [00:07<00:00,  8.78it/s][A

 97%|█████████▋| 67/69 [00:08<00:00,  8.90it/s][A

 99%|█████████▊| 68/69 [00:08<00:00,  8.33it/s][A

100%|██████████| 69/69 [00:08<00:00,  8.11it/s][A
100%|██████████| 69/69 [00:08<00:00,  8.33it/s]


  0%|          | 0/38 [00:00<?, ?it/s][A

  3%|▎         | 1/38 [00:00<00:05,  7.01it/s][A

  5%|▌         | 2/38 [00:00<00:04,  8.18it/s][A

  8%|▊         | 3/38 [00:00<00:04,  8.64it/s][A

 11%|█         | 4/38 [00:00<00:03,  8.78it/s][A

 13%|█▎        | 5/38 [00:00<00:03,  8.77it/s][A

 16%|█▌        | 6/38 [00:00<00:03,  8.92it/s][A

 18%|█▊        | 7/38 [00:00<00:03,  8.57it/s][A

 21%|██        | 8/38 [00:00<00:03,  7.90it/s][A

 24%|██▎       | 9/38 [00:01<00:03,  7.57it/s][A

 26%|██▋       | 10/38 [00:01<00:03,  7.90it/s][A

 29%|██▉       | 11/38 [00:01<00:03,  8.28it/s][A

 32%|███▏      | 12/38 [00:01<00:03,  8.57it/s][A

 34%|███▍      | 13/38 [00:01<00:02,  8.74it/s][A

 37%|███▋      | 14/38 [00:01<00:02,  8.85it/s][A

 39%|███▉      | 15/38 [00:01<00:02,  8.92it/s][A

 42%|████▏     | 16/38 [00:01<00:02,  8.37it/s][A

 45%|████▍     | 17/38 [00:02<00:02,  7.97it/s][A

 47%|████▋     | 18/38 [00:02<00:02,  7.71it/s][A

 50%|█████     | 19/38 [00:02<00:02,  8.13it/s][A

 53%|█████▎    | 20/38 [00:02<00:02,  8.41it/s][A

 55%|█████▌    | 21/38 [00:02<00:01,  8.62it/s][A

 58%|█████▊    | 22/38 [00:02<00:01,  8.78it/s][A

 61%|██████    | 23/38 [00:02<00:01,  8.92it/s][A

 63%|██████▎   | 24/38 [00:02<00:01,  9.02it/s][A

 66%|██████▌   | 25/38 [00:02<00:01,  9.09it/s][A

 68%|██████▊   | 26/38 [00:03<00:01,  8.99it/s][A

 71%|███████   | 27/38 [00:03<00:01,  8.14it/s][A

 74%|███████▎  | 28/38 [00:03<00:01,  7.71it/s][A

 76%|███████▋  | 29/38 [00:03<00:01,  7.91it/s][A

 79%|███████▉  | 30/38 [00:03<00:00,  8.28it/s][A

 82%|████████▏ | 31/38 [00:03<00:00,  8.51it/s][A

 84%|████████▍ | 32/38 [00:03<00:00,  8.71it/s][A

 87%|████████▋ | 33/38 [00:03<00:00,  8.87it/s][A

 89%|████████▉ | 34/38 [00:04<00:00,  8.93it/s][A

 92%|█████████▏| 35/38 [00:04<00:00,  8.38it/s][A

 95%|█████████▍| 36/38 [00:04<00:00,  7.77it/s][A

 97%|█████████▋| 37/38 [00:04<00:00,  7.38it/s][A

100%|██████████| 38/38 [00:04<00:00,  7.84it/s][A
100%|██████████| 38/38 [00:04<00:00,  8.33it/s]

 53%|█████▎    | 8/15 [09:23<08:02, 68.92s/it]

  0%|          | 0/38 [00:00<?, ?it/s][A

  3%|▎         | 1/38 [00:01<00:50,  1.35s/it][A

  5%|▌         | 2/38 [00:02<00:52,  1.47s/it][A

  8%|▊         | 3/38 [00:04<00:50,  1.43s/it][A

 11%|█         | 4/38 [00:05<00:50,  1.47s/it][A

 13%|█▎        | 5/38 [00:07<00:47,  1.44s/it][A

 16%|█▌        | 6/38 [00:08<00:46,  1.47s/it][A

 18%|█▊        | 7/38 [00:10<00:44,  1.44s/it][A

 21%|██        | 8/38 [00:11<00:43,  1.46s/it][A

 24%|██▎       | 9/38 [00:13<00:41,  1.44s/it][A

 26%|██▋       | 10/38 [00:14<00:40,  1.46s/it][A

 29%|██▉       | 11/38 [00:15<00:38,  1.44s/it][A

 32%|███▏      | 12/38 [00:17<00:37,  1.45s/it][A

 34%|███▍      | 13/38 [00:18<00:35,  1.43s/it][A

 37%|███▋      | 14/38 [00:20<00:34,  1.44s/it][A

 39%|███▉      | 15/38 [00:21<00:33,  1.46s/it][A

 42%|████▏     | 16/38 [00:23<00:32,  1.50s/it][A

 45%|████▍     | 17/38 [00:24<00:31,  1.49s/it][A

 47%|████▋     | 18/38 [00:26<00:30,  1.50s/it][A

 50%|█████     | 19/38 [00:27<00:27,  1.45s/it][A

 53%|█████▎    | 20/38 [00:29<00:26,  1.46s/it][A

 55%|█████▌    | 21/38 [00:30<00:24,  1.42s/it][A

 58%|█████▊    | 22/38 [00:31<00:23,  1.44s/it][A

 61%|██████    | 23/38 [00:33<00:21,  1.41s/it][A

 63%|██████▎   | 24/38 [00:34<00:20,  1.44s/it][A

 66%|██████▌   | 25/38 [00:36<00:18,  1.41s/it][A

 68%|██████▊   | 26/38 [00:37<00:16,  1.41s/it][A

 71%|███████   | 27/38 [00:39<00:15,  1.43s/it][A

 74%|███████▎  | 28/38 [00:40<00:14,  1.40s/it][A

 76%|███████▋  | 29/38 [00:41<00:12,  1.42s/it][A

 79%|███████▉  | 30/38 [00:43<00:11,  1.40s/it][A

 82%|████████▏ | 31/38 [00:44<00:09,  1.41s/it][A

 84%|████████▍ | 32/38 [00:46<00:08,  1.44s/it][A

 87%|████████▋ | 33/38 [00:47<00:07,  1.41s/it][A

 89%|████████▉ | 34/38 [00:48<00:05,  1.43s/it][A

 92%|█████████▏| 35/38 [00:50<00:04,  1.40s/it][A

 95%|█████████▍| 36/38 [00:51<00:02,  1.38s/it][A

 97%|█████████▋| 37/38 [00:53<00:01,  1.40s/it][A

100%|██████████| 38/38 [00:53<00:00,  1.14s/it][A
100%|██████████| 38/38 [00:53<00:00,  1.41s/it]


  0%|          | 0/69 [00:00<?, ?it/s][A

  1%|▏         | 1/69 [00:00<00:07,  9.23it/s][A

  3%|▎         | 2/69 [00:00<00:08,  8.35it/s][A

  4%|▍         | 3/69 [00:00<00:08,  8.04it/s][A

  6%|▌         | 4/69 [00:00<00:08,  7.57it/s][A

  7%|▋         | 5/69 [00:00<00:07,  8.10it/s][A

  9%|▊         | 6/69 [00:00<00:07,  8.40it/s][A

 10%|█         | 7/69 [00:00<00:07,  8.69it/s][A

 12%|█▏        | 8/69 [00:00<00:06,  8.84it/s][A

 13%|█▎        | 9/69 [00:01<00:06,  8.94it/s][A

 14%|█▍        | 10/69 [00:01<00:07,  8.36it/s][A

 16%|█▌        | 11/69 [00:01<00:07,  8.16it/s][A

 17%|█▋        | 12/69 [00:01<00:07,  7.74it/s][A

 19%|█▉        | 13/69 [00:01<00:06,  8.15it/s][A

 20%|██        | 14/69 [00:01<00:06,  8.45it/s][A

 22%|██▏       | 15/69 [00:01<00:06,  8.70it/s][A

 23%|██▎       | 16/69 [00:01<00:06,  8.79it/s][A

 25%|██▍       | 17/69 [00:02<00:05,  8.93it/s][A

 26%|██▌       | 18/69 [00:02<00:05,  8.54it/s][A

 28%|██▊       | 19/69 [00:02<00:06,  8.10it/s][A

 29%|██▉       | 20/69 [00:02<00:06,  7.78it/s][A

 30%|███       | 21/69 [00:02<00:05,  8.03it/s][A

 32%|███▏      | 22/69 [00:02<00:05,  8.39it/s][A

 33%|███▎      | 23/69 [00:02<00:05,  8.67it/s][A

 35%|███▍      | 24/69 [00:02<00:05,  8.85it/s][A

 36%|███▌      | 25/69 [00:02<00:04,  8.98it/s][A

 38%|███▊      | 26/69 [00:03<00:04,  9.05it/s][A

 39%|███▉      | 27/69 [00:03<00:04,  8.54it/s][A

 41%|████      | 28/69 [00:03<00:05,  8.20it/s][A

 42%|████▏     | 29/69 [00:03<00:05,  7.81it/s][A

 43%|████▎     | 30/69 [00:03<00:04,  8.22it/s][A

 45%|████▍     | 31/69 [00:03<00:04,  8.50it/s][A

 46%|████▋     | 32/69 [00:03<00:04,  8.69it/s][A

 48%|████▊     | 33/69 [00:03<00:04,  8.85it/s][A

 49%|████▉     | 34/69 [00:04<00:03,  8.98it/s][A

 51%|█████     | 35/69 [00:04<00:03,  8.82it/s][A

 52%|█████▏    | 36/69 [00:04<00:03,  8.28it/s][A

 54%|█████▎    | 37/69 [00:04<00:04,  7.85it/s][A

 55%|█████▌    | 38/69 [00:04<00:03,  7.90it/s][A

 57%|█████▋    | 39/69 [00:04<00:03,  8.26it/s][A

 58%|█████▊    | 40/69 [00:04<00:03,  8.49it/s][A

 59%|█████▉    | 41/69 [00:04<00:03,  8.67it/s][A

 61%|██████    | 42/69 [00:04<00:03,  8.82it/s][A

 62%|██████▏   | 43/69 [00:05<00:02,  8.96it/s][A

 64%|██████▍   | 44/69 [00:05<00:02,  9.05it/s][A

 65%|██████▌   | 45/69 [00:05<00:02,  9.12it/s][A

 67%|██████▋   | 46/69 [00:05<00:02,  8.89it/s][A

 68%|██████▊   | 47/69 [00:05<00:02,  8.31it/s][A

 70%|██████▉   | 48/69 [00:05<00:02,  7.83it/s][A

 71%|███████   | 49/69 [00:05<00:02,  7.82it/s][A

 72%|███████▏  | 50/69 [00:05<00:02,  8.22it/s][A

 74%|███████▍  | 51/69 [00:06<00:02,  8.46it/s][A

 75%|███████▌  | 52/69 [00:06<00:01,  8.69it/s][A

 77%|███████▋  | 53/69 [00:06<00:01,  8.86it/s][A

 78%|███████▊  | 54/69 [00:06<00:01,  8.96it/s][A

 80%|███████▉  | 55/69 [00:06<00:01,  8.48it/s][A

 81%|████████  | 56/69 [00:06<00:01,  8.25it/s][A

 83%|████████▎ | 57/69 [00:06<00:01,  7.82it/s][A

 84%|████████▍ | 58/69 [00:06<00:01,  8.22it/s][A

 86%|████████▌ | 59/69 [00:06<00:01,  8.49it/s][A

 87%|████████▋ | 60/69 [00:07<00:01,  8.69it/s][A

 88%|████████▊ | 61/69 [00:07<00:00,  8.87it/s][A

 90%|████████▉ | 62/69 [00:07<00:00,  8.98it/s][A

 91%|█████████▏| 63/69 [00:07<00:00,  8.48it/s][A

 93%|█████████▎| 64/69 [00:07<00:00,  8.19it/s][A

 94%|█████████▍| 65/69 [00:07<00:00,  7.79it/s][A

 96%|█████████▌| 66/69 [00:07<00:00,  8.19it/s][A

 97%|█████████▋| 67/69 [00:07<00:00,  8.49it/s][A

 99%|█████████▊| 68/69 [00:08<00:00,  8.73it/s][A

100%|██████████| 69/69 [00:08<00:00,  8.88it/s][A
100%|██████████| 69/69 [00:08<00:00,  8.46it/s]


  0%|          | 0/38 [00:00<?, ?it/s][A

  3%|▎         | 1/38 [00:00<00:03,  9.32it/s][A

  5%|▌         | 2/38 [00:00<00:04,  8.59it/s][A

  8%|▊         | 3/38 [00:00<00:04,  7.94it/s][A

 11%|█         | 4/38 [00:00<00:04,  7.57it/s][A

 13%|█▎        | 5/38 [00:00<00:04,  7.73it/s][A

 16%|█▌        | 6/38 [00:00<00:03,  8.20it/s][A

 18%|█▊        | 7/38 [00:00<00:03,  8.50it/s][A

 21%|██        | 8/38 [00:00<00:03,  8.75it/s][A

 24%|██▎       | 9/38 [00:01<00:03,  8.92it/s][A

 26%|██▋       | 10/38 [00:01<00:03,  9.01it/s][A

 29%|██▉       | 11/38 [00:01<00:03,  8.49it/s][A

 32%|███▏      | 12/38 [00:01<00:03,  8.37it/s][A

 34%|███▍      | 13/38 [00:01<00:03,  7.93it/s][A

 37%|███▋      | 14/38 [00:01<00:02,  8.31it/s][A

 39%|███▉      | 15/38 [00:01<00:02,  8.55it/s][A

 42%|████▏     | 16/38 [00:01<00:02,  8.75it/s][A

 45%|████▍     | 17/38 [00:02<00:02,  8.90it/s][A

 47%|████▋     | 18/38 [00:02<00:02,  8.98it/s][A

 50%|█████     | 19/38 [00:02<00:02,  8.38it/s][A

 53%|█████▎    | 20/38 [00:02<00:02,  8.14it/s][A

 55%|█████▌    | 21/38 [00:02<00:02,  7.75it/s][A

 58%|█████▊    | 22/38 [00:02<00:01,  8.15it/s][A

 61%|██████    | 23/38 [00:02<00:01,  8.46it/s][A

 63%|██████▎   | 24/38 [00:02<00:01,  8.67it/s][A

 66%|██████▌   | 25/38 [00:02<00:01,  8.82it/s][A

 68%|██████▊   | 26/38 [00:03<00:01,  8.93it/s][A

 71%|███████   | 27/38 [00:03<00:01,  8.31it/s][A

 74%|███████▎  | 28/38 [00:03<00:01,  7.83it/s][A

 76%|███████▋  | 29/38 [00:03<00:01,  7.57it/s][A

 79%|███████▉  | 30/38 [00:03<00:01,  7.97it/s][A

 82%|████████▏ | 31/38 [00:03<00:00,  8.34it/s][A

 84%|████████▍ | 32/38 [00:03<00:00,  8.60it/s][A

 87%|████████▋ | 33/38 [00:03<00:00,  8.75it/s][A

 89%|████████▉ | 34/38 [00:04<00:00,  8.90it/s][A

 92%|█████████▏| 35/38 [00:04<00:00,  8.58it/s][A

 95%|█████████▍| 36/38 [00:04<00:00,  8.16it/s][A

 97%|█████████▋| 37/38 [00:04<00:00,  7.75it/s][A

100%|██████████| 38/38 [00:04<00:00,  7.91it/s][A
100%|██████████| 38/38 [00:04<00:00,  8.33it/s]

 60%|██████    | 9/15 [10:30<06:48, 68.10s/it]

  0%|          | 0/38 [00:00<?, ?it/s][A

  3%|▎         | 1/38 [00:01<00:49,  1.33s/it][A

  5%|▌         | 2/38 [00:02<00:49,  1.39s/it][A

  8%|▊         | 3/38 [00:04<00:48,  1.39s/it][A

 11%|█         | 4/38 [00:05<00:46,  1.37s/it][A

 13%|█▎        | 5/38 [00:06<00:46,  1.41s/it][A

 16%|█▌        | 6/38 [00:08<00:44,  1.38s/it][A

 18%|█▊        | 7/38 [00:09<00:43,  1.40s/it][A

 21%|██        | 8/38 [00:11<00:42,  1.42s/it][A

 24%|██▎       | 9/38 [00:12<00:42,  1.45s/it][A

 26%|██▋       | 10/38 [00:14<00:40,  1.43s/it][A

 29%|██▉       | 11/38 [00:15<00:39,  1.47s/it][A

 32%|███▏      | 12/38 [00:16<00:37,  1.42s/it][A

 34%|███▍      | 13/38 [00:18<00:35,  1.42s/it][A

 37%|███▋      | 14/38 [00:19<00:33,  1.40s/it][A

 39%|███▉      | 15/38 [00:21<00:31,  1.38s/it][A

 42%|████▏     | 16/38 [00:22<00:30,  1.41s/it][A

 45%|████▍     | 17/38 [00:23<00:29,  1.38s/it][A

 47%|████▋     | 18/38 [00:25<00:28,  1.42s/it][A

 50%|█████     | 19/38 [00:26<00:26,  1.39s/it][A

 53%|█████▎    | 20/38 [00:28<00:25,  1.41s/it][A

 55%|█████▌    | 21/38 [00:29<00:23,  1.39s/it][A

 58%|█████▊    | 22/38 [00:30<00:22,  1.38s/it][A

 61%|██████    | 23/38 [00:32<00:21,  1.40s/it][A

 63%|██████▎   | 24/38 [00:33<00:19,  1.38s/it][A

 66%|██████▌   | 25/38 [00:34<00:17,  1.37s/it][A

 68%|██████▊   | 26/38 [00:36<00:16,  1.39s/it][A

 71%|███████   | 27/38 [00:37<00:15,  1.37s/it][A

 74%|███████▎  | 28/38 [00:39<00:14,  1.41s/it][A

 76%|███████▋  | 29/38 [00:40<00:12,  1.42s/it][A

 79%|███████▉  | 30/38 [00:42<00:11,  1.39s/it][A

 82%|████████▏ | 31/38 [00:43<00:09,  1.42s/it][A

 84%|████████▍ | 32/38 [00:44<00:08,  1.40s/it][A

 87%|████████▋ | 33/38 [00:46<00:06,  1.38s/it][A

 89%|████████▉ | 34/38 [00:47<00:05,  1.41s/it][A

 92%|█████████▏| 35/38 [00:48<00:04,  1.39s/it][A

 95%|█████████▍| 36/38 [00:50<00:02,  1.42s/it][A

 97%|█████████▋| 37/38 [00:51<00:01,  1.39s/it][A

100%|██████████| 38/38 [00:52<00:00,  1.13s/it][A
100%|██████████| 38/38 [00:52<00:00,  1.38s/it]


  0%|          | 0/69 [00:00<?, ?it/s][A

  1%|▏         | 1/69 [00:00<00:09,  7.38it/s][A

  3%|▎         | 2/69 [00:00<00:09,  6.98it/s][A

  4%|▍         | 3/69 [00:00<00:08,  7.84it/s][A

  6%|▌         | 4/69 [00:00<00:07,  8.33it/s][A

  7%|▋         | 5/69 [00:00<00:07,  8.53it/s][A

  9%|▊         | 6/69 [00:00<00:07,  8.73it/s][A

 10%|█         | 7/69 [00:00<00:07,  8.84it/s][A

 12%|█▏        | 8/69 [00:00<00:07,  8.19it/s][A

 13%|█▎        | 9/69 [00:01<00:07,  7.86it/s][A

 14%|█▍        | 10/69 [00:01<00:07,  7.48it/s][A

 16%|█▌        | 11/69 [00:01<00:07,  7.84it/s][A

 17%|█▋        | 12/69 [00:01<00:06,  8.17it/s][A

 19%|█▉        | 13/69 [00:01<00:06,  8.39it/s][A

 20%|██        | 14/69 [00:01<00:06,  8.57it/s][A

 22%|██▏       | 15/69 [00:01<00:06,  8.73it/s][A

 23%|██▎       | 16/69 [00:01<00:06,  8.24it/s][A

 25%|██▍       | 17/69 [00:02<00:06,  7.95it/s][A

 26%|██▌       | 18/69 [00:02<00:06,  7.57it/s][A

 28%|██▊       | 19/69 [00:02<00:06,  7.96it/s][A

 29%|██▉       | 20/69 [00:02<00:05,  8.28it/s][A

 30%|███       | 21/69 [00:02<00:05,  8.51it/s][A

 32%|███▏      | 22/69 [00:02<00:05,  8.69it/s][A

 33%|███▎      | 23/69 [00:02<00:05,  8.83it/s][A

 35%|███▍      | 24/69 [00:02<00:05,  8.21it/s][A

 36%|███▌      | 25/69 [00:03<00:05,  8.01it/s][A

 38%|███▊      | 26/69 [00:03<00:05,  7.55it/s][A

 39%|███▉      | 27/69 [00:03<00:05,  7.96it/s][A

 41%|████      | 28/69 [00:03<00:04,  8.26it/s][A

 42%|████▏     | 29/69 [00:03<00:04,  8.49it/s][A

 43%|████▎     | 30/69 [00:03<00:04,  8.68it/s][A

 45%|████▍     | 31/69 [00:03<00:04,  8.80it/s][A

 46%|████▋     | 32/69 [00:03<00:04,  8.38it/s][A

 48%|████▊     | 33/69 [00:04<00:04,  7.86it/s][A

 49%|████▉     | 34/69 [00:04<00:04,  7.51it/s][A

 51%|█████     | 35/69 [00:04<00:04,  7.96it/s][A

 52%|█████▏    | 36/69 [00:04<00:03,  8.30it/s][A

 54%|█████▎    | 37/69 [00:04<00:03,  8.50it/s][A

 55%|█████▌    | 38/69 [00:04<00:03,  8.70it/s][A

 57%|█████▋    | 39/69 [00:04<00:03,  8.84it/s][A

 58%|█████▊    | 40/69 [00:04<00:03,  8.44it/s][A

 59%|█████▉    | 41/69 [00:05<00:03,  7.86it/s][A

 61%|██████    | 42/69 [00:05<00:03,  7.45it/s][A

 62%|██████▏   | 43/69 [00:05<00:03,  7.86it/s][A

 64%|██████▍   | 44/69 [00:05<00:03,  8.23it/s][A

 65%|██████▌   | 45/69 [00:05<00:02,  8.50it/s][A

 67%|██████▋   | 46/69 [00:05<00:02,  8.68it/s][A

 68%|██████▊   | 47/69 [00:05<00:02,  8.84it/s][A

 70%|██████▉   | 48/69 [00:05<00:02,  8.94it/s][A

 71%|███████   | 49/69 [00:05<00:02,  8.35it/s][A

 72%|███████▏  | 50/69 [00:06<00:02,  7.93it/s][A

 74%|███████▍  | 51/69 [00:06<00:02,  7.70it/s][A

 75%|███████▌  | 52/69 [00:06<00:02,  8.12it/s][A

 77%|███████▋  | 53/69 [00:06<00:01,  8.45it/s][A

 78%|███████▊  | 54/69 [00:06<00:01,  8.65it/s][A

 80%|███████▉  | 55/69 [00:06<00:01,  8.81it/s][A

 81%|████████  | 56/69 [00:06<00:01,  8.91it/s][A

 83%|████████▎ | 57/69 [00:06<00:01,  8.20it/s][A

 84%|████████▍ | 58/69 [00:07<00:01,  7.97it/s][A

 86%|████████▌ | 59/69 [00:07<00:01,  7.55it/s][A

 87%|████████▋ | 60/69 [00:07<00:01,  7.98it/s][A

 88%|████████▊ | 61/69 [00:07<00:00,  8.28it/s][A

 90%|████████▉ | 62/69 [00:07<00:00,  8.51it/s][A

 91%|█████████▏| 63/69 [00:07<00:00,  8.65it/s][A

 93%|█████████▎| 64/69 [00:07<00:00,  8.81it/s][A

 94%|█████████▍| 65/69 [00:07<00:00,  8.31it/s][A

 96%|█████████▌| 66/69 [00:08<00:00,  8.11it/s][A

 97%|█████████▋| 67/69 [00:08<00:00,  7.68it/s][A

 99%|█████████▊| 68/69 [00:08<00:00,  8.08it/s][A

100%|██████████| 69/69 [00:08<00:00,  8.35it/s][A
100%|██████████| 69/69 [00:08<00:00,  8.23it/s]


  0%|          | 0/38 [00:00<?, ?it/s][A

  3%|▎         | 1/38 [00:00<00:04,  9.12it/s][A

  5%|▌         | 2/38 [00:00<00:03,  9.17it/s][A

  8%|▊         | 3/38 [00:00<00:03,  9.16it/s][A

 11%|█         | 4/38 [00:00<00:04,  8.24it/s][A

 13%|█▎        | 5/38 [00:00<00:04,  7.91it/s][A

 16%|█▌        | 6/38 [00:00<00:04,  7.44it/s][A

 18%|█▊        | 7/38 [00:00<00:03,  7.88it/s][A

 21%|██        | 8/38 [00:00<00:03,  8.24it/s][A

 24%|██▎       | 9/38 [00:01<00:03,  8.50it/s][A

 26%|██▋       | 10/38 [00:01<00:03,  8.70it/s][A

 29%|██▉       | 11/38 [00:01<00:03,  8.84it/s][A

 32%|███▏      | 12/38 [00:01<00:03,  8.28it/s][A

 34%|███▍      | 13/38 [00:01<00:03,  8.01it/s][A

 37%|███▋      | 14/38 [00:01<00:03,  7.55it/s][A

 39%|███▉      | 15/38 [00:01<00:02,  7.99it/s][A

 42%|████▏     | 16/38 [00:01<00:02,  8.28it/s][A

 45%|████▍     | 17/38 [00:02<00:02,  8.47it/s][A

 47%|████▋     | 18/38 [00:02<00:02,  8.66it/s][A

 50%|█████     | 19/38 [00:02<00:02,  8.76it/s][A

 53%|█████▎    | 20/38 [00:02<00:02,  8.29it/s][A

 55%|█████▌    | 21/38 [00:02<00:02,  7.97it/s][A

 58%|█████▊    | 22/38 [00:02<00:02,  7.51it/s][A

 61%|██████    | 23/38 [00:02<00:01,  7.95it/s][A

 63%|██████▎   | 24/38 [00:02<00:01,  8.28it/s][A

 66%|██████▌   | 25/38 [00:03<00:01,  8.53it/s][A

 68%|██████▊   | 26/38 [00:03<00:01,  8.71it/s][A

 71%|███████   | 27/38 [00:03<00:01,  8.84it/s][A

 74%|███████▎  | 28/38 [00:03<00:01,  8.25it/s][A

 76%|███████▋  | 29/38 [00:03<00:01,  8.06it/s][A

 79%|███████▉  | 30/38 [00:03<00:01,  7.63it/s][A

 82%|████████▏ | 31/38 [00:03<00:00,  8.00it/s][A

 84%|████████▍ | 32/38 [00:03<00:00,  8.28it/s][A

 87%|████████▋ | 33/38 [00:04<00:00,  8.12it/s][A

 89%|████████▉ | 34/38 [00:04<00:00,  8.12it/s][A

 92%|█████████▏| 35/38 [00:04<00:00,  8.10it/s][A

 95%|█████████▍| 36/38 [00:04<00:00,  7.57it/s][A

 97%|█████████▋| 37/38 [00:04<00:00,  7.02it/s][A

100%|██████████| 38/38 [00:04<00:00,  7.06it/s][A
100%|██████████| 38/38 [00:04<00:00,  8.06it/s]

 67%|██████▋   | 10/15 [11:35<05:36, 67.29s/it]

  0%|          | 0/38 [00:00<?, ?it/s][A

  3%|▎         | 1/38 [00:01<00:54,  1.46s/it][A

  5%|▌         | 2/38 [00:03<00:55,  1.54s/it][A

  8%|▊         | 3/38 [00:04<00:53,  1.53s/it][A

 11%|█         | 4/38 [00:06<00:51,  1.52s/it][A

 13%|█▎        | 5/38 [00:07<00:49,  1.50s/it][A

 16%|█▌        | 6/38 [00:09<00:47,  1.49s/it][A

 18%|█▊        | 7/38 [00:10<00:44,  1.44s/it][A

 21%|██        | 8/38 [00:11<00:43,  1.46s/it][A

 24%|██▎       | 9/38 [00:13<00:41,  1.42s/it][A

 26%|██▋       | 10/38 [00:14<00:40,  1.45s/it][A

 29%|██▉       | 11/38 [00:16<00:39,  1.46s/it][A

 32%|███▏      | 12/38 [00:17<00:38,  1.48s/it][A

 34%|███▍      | 13/38 [00:19<00:36,  1.46s/it][A

 37%|███▋      | 14/38 [00:20<00:35,  1.47s/it][A

 39%|███▉      | 15/38 [00:22<00:33,  1.46s/it][A

 42%|████▏     | 16/38 [00:23<00:31,  1.45s/it][A

 45%|████▍     | 17/38 [00:24<00:29,  1.41s/it][A

 47%|████▋     | 18/38 [00:26<00:28,  1.43s/it][A

 50%|█████     | 19/38 [00:27<00:26,  1.40s/it][A

 53%|█████▎    | 20/38 [00:29<00:25,  1.40s/it][A

 55%|█████▌    | 21/38 [00:30<00:24,  1.45s/it][A

 58%|█████▊    | 22/38 [00:32<00:23,  1.48s/it][A

 61%|██████    | 23/38 [00:33<00:21,  1.45s/it][A

 63%|██████▎   | 24/38 [00:34<00:20,  1.43s/it][A

 66%|██████▌   | 25/38 [00:36<00:18,  1.45s/it][A

 68%|██████▊   | 26/38 [00:37<00:17,  1.44s/it][A

 71%|███████   | 27/38 [00:39<00:16,  1.47s/it][A

 74%|███████▎  | 28/38 [00:40<00:14,  1.44s/it][A

 76%|███████▋  | 29/38 [00:42<00:13,  1.48s/it][A

 79%|███████▉  | 30/38 [00:43<00:11,  1.45s/it][A

 82%|████████▏ | 31/38 [00:45<00:10,  1.48s/it][A

 84%|████████▍ | 32/38 [00:46<00:08,  1.45s/it][A

 87%|████████▋ | 33/38 [00:47<00:07,  1.43s/it][A

 89%|████████▉ | 34/38 [00:49<00:05,  1.45s/it][A

 92%|█████████▏| 35/38 [00:50<00:04,  1.42s/it][A

 95%|█████████▍| 36/38 [00:52<00:02,  1.45s/it][A

 97%|█████████▋| 37/38 [00:53<00:01,  1.42s/it][A

100%|██████████| 38/38 [00:54<00:00,  1.17s/it][A
100%|██████████| 38/38 [00:54<00:00,  1.43s/it]


  0%|          | 0/69 [00:00<?, ?it/s][A

  1%|▏         | 1/69 [00:00<00:07,  9.11it/s][A

  3%|▎         | 2/69 [00:00<00:07,  9.07it/s][A

  4%|▍         | 3/69 [00:00<00:07,  9.12it/s][A

  6%|▌         | 4/69 [00:00<00:07,  9.15it/s][A

  7%|▋         | 5/69 [00:00<00:07,  8.41it/s][A

  9%|▊         | 6/69 [00:00<00:07,  8.24it/s][A

 10%|█         | 7/69 [00:00<00:07,  7.83it/s][A

 12%|█▏        | 8/69 [00:00<00:07,  8.24it/s][A

 13%|█▎        | 9/69 [00:01<00:07,  8.52it/s][A

 14%|█▍        | 10/69 [00:01<00:06,  8.71it/s][A

 16%|█▌        | 11/69 [00:01<00:06,  8.86it/s][A

 17%|█▋        | 12/69 [00:01<00:06,  8.97it/s][A

 19%|█▉        | 13/69 [00:01<00:06,  8.33it/s][A

 20%|██        | 14/69 [00:01<00:06,  8.01it/s][A

 22%|██▏       | 15/69 [00:01<00:07,  7.66it/s][A

 23%|██▎       | 16/69 [00:01<00:06,  8.04it/s][A

 25%|██▍       | 17/69 [00:02<00:06,  8.36it/s][A

 26%|██▌       | 18/69 [00:02<00:05,  8.60it/s][A

 28%|██▊       | 19/69 [00:02<00:05,  8.75it/s][A

 29%|██▉       | 20/69 [00:02<00:05,  8.89it/s][A

 30%|███       | 21/69 [00:02<00:05,  8.57it/s][A

 32%|███▏      | 22/69 [00:02<00:05,  8.10it/s][A

 33%|███▎      | 23/69 [00:02<00:05,  7.71it/s][A

 35%|███▍      | 24/69 [00:02<00:05,  7.87it/s][A

 36%|███▌      | 25/69 [00:02<00:05,  8.24it/s][A

 38%|███▊      | 26/69 [00:03<00:05,  8.51it/s][A

 39%|███▉      | 27/69 [00:03<00:04,  8.65it/s][A

 41%|████      | 28/69 [00:03<00:04,  8.81it/s][A

 42%|████▏     | 29/69 [00:03<00:04,  8.74it/s][A

 43%|████▎     | 30/69 [00:03<00:04,  8.37it/s][A

 45%|████▍     | 31/69 [00:03<00:04,  7.97it/s][A

 46%|████▋     | 32/69 [00:03<00:04,  7.76it/s][A

 48%|████▊     | 33/69 [00:03<00:04,  8.13it/s][A

 49%|████▉     | 34/69 [00:04<00:04,  8.42it/s][A

 51%|█████     | 35/69 [00:04<00:03,  8.54it/s][A

 52%|█████▏    | 36/69 [00:04<00:03,  8.72it/s][A

 54%|█████▎    | 37/69 [00:04<00:03,  8.85it/s][A

 55%|█████▌    | 38/69 [00:04<00:03,  8.32it/s][A

 57%|█████▋    | 39/69 [00:04<00:03,  8.02it/s][A

 58%|█████▊    | 40/69 [00:04<00:03,  7.71it/s][A

 59%|█████▉    | 41/69 [00:04<00:03,  8.07it/s][A

 61%|██████    | 42/69 [00:05<00:03,  8.36it/s][A

 62%|██████▏   | 43/69 [00:05<00:03,  8.56it/s][A

 64%|██████▍   | 44/69 [00:05<00:02,  8.76it/s][A

 65%|██████▌   | 45/69 [00:05<00:02,  8.79it/s][A

 67%|██████▋   | 46/69 [00:05<00:02,  8.34it/s][A

 68%|██████▊   | 47/69 [00:05<00:02,  8.06it/s][A

 70%|██████▉   | 48/69 [00:05<00:02,  7.56it/s][A

 71%|███████   | 49/69 [00:05<00:02,  7.99it/s][A

 72%|███████▏  | 50/69 [00:05<00:02,  8.32it/s][A

 74%|███████▍  | 51/69 [00:06<00:02,  8.57it/s][A

 75%|███████▌  | 52/69 [00:06<00:01,  8.76it/s][A

 77%|███████▋  | 53/69 [00:06<00:01,  8.86it/s][A

 78%|███████▊  | 54/69 [00:06<00:01,  8.31it/s][A

 80%|███████▉  | 55/69 [00:06<00:01,  8.09it/s][A

 81%|████████  | 56/69 [00:06<00:01,  7.71it/s][A

 83%|████████▎ | 57/69 [00:06<00:01,  8.09it/s][A

 84%|████████▍ | 58/69 [00:06<00:01,  8.37it/s][A

 86%|████████▌ | 59/69 [00:07<00:01,  8.51it/s][A

 87%|████████▋ | 60/69 [00:07<00:01,  8.69it/s][A

 88%|████████▊ | 61/69 [00:07<00:00,  8.79it/s][A

 90%|████████▉ | 62/69 [00:07<00:00,  8.16it/s][A

 91%|█████████▏| 63/69 [00:07<00:00,  7.90it/s][A

 93%|█████████▎| 64/69 [00:07<00:00,  7.43it/s][A

 94%|█████████▍| 65/69 [00:07<00:00,  7.88it/s][A

 96%|█████████▌| 66/69 [00:07<00:00,  8.24it/s][A

 97%|█████████▋| 67/69 [00:08<00:00,  8.47it/s][A

 99%|█████████▊| 68/69 [00:08<00:00,  8.63it/s][A

100%|██████████| 69/69 [00:08<00:00,  8.77it/s][A
100%|██████████| 69/69 [00:08<00:00,  8.35it/s]


  0%|          | 0/38 [00:00<?, ?it/s][A

  3%|▎         | 1/38 [00:00<00:04,  7.41it/s][A

  5%|▌         | 2/38 [00:00<00:04,  7.37it/s][A

  8%|▊         | 3/38 [00:00<00:04,  7.12it/s][A

 11%|█         | 4/38 [00:00<00:04,  7.78it/s][A

 13%|█▎        | 5/38 [00:00<00:03,  8.25it/s][A

 16%|█▌        | 6/38 [00:00<00:03,  8.55it/s][A

 18%|█▊        | 7/38 [00:00<00:03,  8.72it/s][A

 21%|██        | 8/38 [00:00<00:03,  8.88it/s][A

 24%|██▎       | 9/38 [00:01<00:03,  8.46it/s][A

 26%|██▋       | 10/38 [00:01<00:03,  7.99it/s][A

 29%|██▉       | 11/38 [00:01<00:03,  7.59it/s][A

 32%|███▏      | 12/38 [00:01<00:03,  7.78it/s][A

 34%|███▍      | 13/38 [00:01<00:03,  8.15it/s][A

 37%|███▋      | 14/38 [00:01<00:02,  8.44it/s][A

 39%|███▉      | 15/38 [00:01<00:02,  8.64it/s][A

 42%|████▏     | 16/38 [00:01<00:02,  8.80it/s][A

 45%|████▍     | 17/38 [00:02<00:02,  8.89it/s][A

 47%|████▋     | 18/38 [00:02<00:02,  8.31it/s][A

 50%|█████     | 19/38 [00:02<00:02,  8.13it/s][A

 53%|█████▎    | 20/38 [00:02<00:02,  7.65it/s][A

 55%|█████▌    | 21/38 [00:02<00:02,  8.07it/s][A

 58%|█████▊    | 22/38 [00:02<00:01,  8.35it/s][A

 61%|██████    | 23/38 [00:02<00:01,  8.58it/s][A

 63%|██████▎   | 24/38 [00:02<00:01,  8.74it/s][A

 66%|██████▌   | 25/38 [00:03<00:01,  8.88it/s][A

 68%|██████▊   | 26/38 [00:03<00:01,  8.34it/s][A

 71%|███████   | 27/38 [00:03<00:01,  8.12it/s][A

 74%|███████▎  | 28/38 [00:03<00:01,  7.72it/s][A

 76%|███████▋  | 29/38 [00:03<00:01,  8.05it/s][A

 79%|███████▉  | 30/38 [00:03<00:00,  8.37it/s][A

 82%|████████▏ | 31/38 [00:03<00:00,  8.50it/s][A

 84%|████████▍ | 32/38 [00:03<00:00,  8.70it/s][A

 87%|████████▋ | 33/38 [00:03<00:00,  8.86it/s][A

 89%|████████▉ | 34/38 [00:04<00:00,  8.22it/s][A

 92%|█████████▏| 35/38 [00:04<00:00,  7.93it/s][A

 95%|█████████▍| 36/38 [00:04<00:00,  7.59it/s][A

 97%|█████████▋| 37/38 [00:04<00:00,  8.01it/s][A

100%|██████████| 38/38 [00:04<00:00,  8.32it/s][A
100%|██████████| 38/38 [00:04<00:00,  8.24it/s]

 73%|███████▎  | 11/15 [12:42<04:29, 67.26s/it]

  0%|          | 0/38 [00:00<?, ?it/s][A

  3%|▎         | 1/38 [00:01<00:49,  1.34s/it][A

  5%|▌         | 2/38 [00:02<00:51,  1.44s/it][A

  8%|▊         | 3/38 [00:04<00:48,  1.40s/it][A

 11%|█         | 4/38 [00:05<00:49,  1.44s/it][A

 13%|█▎        | 5/38 [00:07<00:46,  1.41s/it][A

 16%|█▌        | 6/38 [00:08<00:45,  1.43s/it][A

 18%|█▊        | 7/38 [00:09<00:43,  1.41s/it][A

 21%|██        | 8/38 [00:11<00:41,  1.40s/it][A

 24%|██▎       | 9/38 [00:12<00:41,  1.43s/it][A

 26%|██▋       | 10/38 [00:14<00:39,  1.40s/it][A

 29%|██▉       | 11/38 [00:15<00:39,  1.45s/it][A

 32%|███▏      | 12/38 [00:17<00:36,  1.42s/it][A

 34%|███▍      | 13/38 [00:18<00:36,  1.44s/it][A

 37%|███▋      | 14/38 [00:19<00:33,  1.41s/it][A

 39%|███▉      | 15/38 [00:21<00:32,  1.39s/it][A

 42%|████▏     | 16/38 [00:22<00:31,  1.43s/it][A

 45%|████▍     | 17/38 [00:24<00:29,  1.41s/it][A

 47%|████▋     | 18/38 [00:25<00:28,  1.41s/it][A

 50%|█████     | 19/38 [00:26<00:26,  1.41s/it][A

 53%|█████▎    | 20/38 [00:28<00:25,  1.39s/it][A

 55%|█████▌    | 21/38 [00:29<00:23,  1.38s/it][A

 58%|█████▊    | 22/38 [00:31<00:22,  1.42s/it][A

 61%|██████    | 23/38 [00:32<00:20,  1.39s/it][A

 63%|██████▎   | 24/38 [00:33<00:19,  1.39s/it][A

 66%|██████▌   | 25/38 [00:35<00:18,  1.43s/it][A

 68%|██████▊   | 26/38 [00:36<00:17,  1.46s/it][A

 71%|███████   | 27/38 [00:38<00:16,  1.47s/it][A

 74%|███████▎  | 28/38 [00:40<00:15,  1.52s/it][A

 76%|███████▋  | 29/38 [00:41<00:14,  1.58s/it][A

 79%|███████▉  | 30/38 [00:43<00:12,  1.58s/it][A

 82%|████████▏ | 31/38 [00:44<00:10,  1.55s/it][A

 84%|████████▍ | 32/38 [00:46<00:09,  1.52s/it][A

 87%|████████▋ | 33/38 [00:47<00:07,  1.49s/it][A

 89%|████████▉ | 34/38 [00:49<00:05,  1.48s/it][A

 92%|█████████▏| 35/38 [00:50<00:04,  1.49s/it][A

 95%|█████████▍| 36/38 [00:51<00:02,  1.45s/it][A

 97%|█████████▋| 37/38 [00:53<00:01,  1.43s/it][A

100%|██████████| 38/38 [00:53<00:00,  1.16s/it][A
100%|██████████| 38/38 [00:53<00:00,  1.42s/it]


  0%|          | 0/69 [00:00<?, ?it/s][A

  1%|▏         | 1/69 [00:00<00:09,  7.47it/s][A

  3%|▎         | 2/69 [00:00<00:07,  8.46it/s][A

  4%|▍         | 3/69 [00:00<00:07,  8.88it/s][A

  6%|▌         | 4/69 [00:00<00:07,  9.09it/s][A

  7%|▋         | 5/69 [00:00<00:06,  9.18it/s][A

  9%|▊         | 6/69 [00:00<00:06,  9.25it/s][A

 10%|█         | 7/69 [00:00<00:06,  9.10it/s][A

 12%|█▏        | 8/69 [00:00<00:06,  8.73it/s][A

 13%|█▎        | 9/69 [00:01<00:07,  8.33it/s][A

 14%|█▍        | 10/69 [00:01<00:06,  8.51it/s][A

 16%|█▌        | 11/69 [00:01<00:06,  8.77it/s][A

 17%|█▋        | 12/69 [00:01<00:06,  8.96it/s][A

 19%|█▉        | 13/69 [00:01<00:06,  9.09it/s][A

 20%|██        | 14/69 [00:01<00:05,  9.19it/s][A

 22%|██▏       | 15/69 [00:01<00:05,  9.25it/s][A

 23%|██▎       | 16/69 [00:01<00:05,  8.95it/s][A

 25%|██▍       | 17/69 [00:01<00:06,  8.53it/s][A

 26%|██▌       | 18/69 [00:02<00:05,  8.58it/s][A

 28%|██▊       | 19/69 [00:02<00:05,  8.83it/s][A

 29%|██▉       | 20/69 [00:02<00:05,  9.01it/s][A

 30%|███       | 21/69 [00:02<00:05,  9.14it/s][A

 32%|███▏      | 22/69 [00:02<00:05,  9.23it/s][A

 33%|███▎      | 23/69 [00:02<00:04,  9.27it/s][A

 35%|███▍      | 24/69 [00:02<00:05,  8.77it/s][A

 36%|███▌      | 25/69 [00:02<00:05,  8.05it/s][A

 38%|███▊      | 26/69 [00:02<00:05,  8.12it/s][A

 39%|███▉      | 27/69 [00:03<00:04,  8.45it/s][A

 41%|████      | 28/69 [00:03<00:04,  8.72it/s][A

 42%|████▏     | 29/69 [00:03<00:04,  8.90it/s][A

 43%|████▎     | 30/69 [00:03<00:04,  9.03it/s][A

 45%|████▍     | 31/69 [00:03<00:04,  9.14it/s][A

 46%|████▋     | 32/69 [00:03<00:04,  8.80it/s][A

 48%|████▊     | 33/69 [00:03<00:04,  8.36it/s][A

 49%|████▉     | 34/69 [00:03<00:04,  8.32it/s][A

 51%|█████     | 35/69 [00:03<00:03,  8.61it/s][A

 52%|█████▏    | 36/69 [00:04<00:03,  8.82it/s][A

 54%|█████▎    | 37/69 [00:04<00:03,  8.99it/s][A

 55%|█████▌    | 38/69 [00:04<00:03,  9.10it/s][A

 57%|█████▋    | 39/69 [00:04<00:03,  9.17it/s][A

 58%|█████▊    | 40/69 [00:04<00:03,  8.93it/s][A

 59%|█████▉    | 41/69 [00:04<00:03,  8.49it/s][A

 61%|██████    | 42/69 [00:04<00:03,  8.46it/s][A

 62%|██████▏   | 43/69 [00:04<00:02,  8.73it/s][A

 64%|██████▍   | 44/69 [00:04<00:02,  8.93it/s][A

 65%|██████▌   | 45/69 [00:05<00:02,  9.07it/s][A

 67%|██████▋   | 46/69 [00:05<00:02,  9.17it/s][A

 68%|██████▊   | 47/69 [00:05<00:02,  9.18it/s][A

 70%|██████▉   | 48/69 [00:05<00:02,  8.88it/s][A

 71%|███████   | 49/69 [00:05<00:02,  8.38it/s][A

 72%|███████▏  | 50/69 [00:05<00:02,  8.29it/s][A

 74%|███████▍  | 51/69 [00:05<00:02,  8.61it/s][A

 75%|███████▌  | 52/69 [00:05<00:01,  8.82it/s][A

 77%|███████▋  | 53/69 [00:06<00:01,  8.98it/s][A

 78%|███████▊  | 54/69 [00:06<00:01,  9.10it/s][A

 80%|███████▉  | 55/69 [00:06<00:01,  9.18it/s][A

 81%|████████  | 56/69 [00:06<00:01,  8.91it/s][A

 83%|████████▎ | 57/69 [00:06<00:01,  8.43it/s][A

 84%|████████▍ | 58/69 [00:06<00:01,  8.51it/s][A

 86%|████████▌ | 59/69 [00:06<00:01,  8.76it/s][A

 87%|████████▋ | 60/69 [00:06<00:01,  8.95it/s][A

 88%|████████▊ | 61/69 [00:06<00:00,  9.06it/s][A

 90%|████████▉ | 62/69 [00:07<00:00,  9.17it/s][A

 91%|█████████▏| 63/69 [00:07<00:00,  9.24it/s][A

 93%|█████████▎| 64/69 [00:07<00:00,  8.96it/s][A

 94%|█████████▍| 65/69 [00:07<00:00,  8.40it/s][A

 96%|█████████▌| 66/69 [00:07<00:00,  8.20it/s][A

 97%|█████████▋| 67/69 [00:07<00:00,  8.52it/s][A

 99%|█████████▊| 68/69 [00:07<00:00,  8.74it/s][A

100%|██████████| 69/69 [00:07<00:00,  8.93it/s][A
100%|██████████| 69/69 [00:07<00:00,  8.80it/s]


  0%|          | 0/38 [00:00<?, ?it/s][A

  3%|▎         | 1/38 [00:00<00:03,  9.42it/s][A

  5%|▌         | 2/38 [00:00<00:03,  9.37it/s][A

  8%|▊         | 3/38 [00:00<00:04,  8.60it/s][A

 11%|█         | 4/38 [00:00<00:04,  7.98it/s][A

 13%|█▎        | 5/38 [00:00<00:04,  8.09it/s][A

 16%|█▌        | 6/38 [00:00<00:03,  8.50it/s][A

 18%|█▊        | 7/38 [00:00<00:03,  8.77it/s][A

 21%|██        | 8/38 [00:00<00:03,  8.94it/s][A

 24%|██▎       | 9/38 [00:01<00:03,  9.09it/s][A

 26%|██▋       | 10/38 [00:01<00:03,  9.17it/s][A

 29%|██▉       | 11/38 [00:01<00:03,  8.79it/s][A

 32%|███▏      | 12/38 [00:01<00:03,  8.47it/s][A

 34%|███▍      | 13/38 [00:01<00:03,  8.22it/s][A

 37%|███▋      | 14/38 [00:01<00:02,  8.54it/s][A

 39%|███▉      | 15/38 [00:01<00:02,  8.79it/s][A

 42%|████▏     | 16/38 [00:01<00:02,  8.94it/s][A

 45%|████▍     | 17/38 [00:01<00:02,  9.08it/s][A

 47%|████▋     | 18/38 [00:02<00:02,  9.15it/s][A

 50%|█████     | 19/38 [00:02<00:02,  8.90it/s][A

 53%|█████▎    | 20/38 [00:02<00:02,  8.79it/s][A

 55%|█████▌    | 21/38 [00:02<00:02,  8.36it/s][A

 58%|█████▊    | 22/38 [00:02<00:01,  8.15it/s][A

 61%|██████    | 23/38 [00:02<00:01,  8.41it/s][A

 63%|██████▎   | 24/38 [00:02<00:01,  8.67it/s][A

 66%|██████▌   | 25/38 [00:02<00:01,  8.89it/s][A

 68%|██████▊   | 26/38 [00:02<00:01,  9.03it/s][A

 71%|███████   | 27/38 [00:03<00:01,  8.66it/s][A

 74%|███████▎  | 28/38 [00:03<00:01,  8.18it/s][A

 76%|███████▋  | 29/38 [00:03<00:01,  7.95it/s][A

 79%|███████▉  | 30/38 [00:03<00:01,  7.86it/s][A

 82%|████████▏ | 31/38 [00:03<00:00,  8.18it/s][A

 84%|████████▍ | 32/38 [00:03<00:00,  8.50it/s][A

 87%|████████▋ | 33/38 [00:03<00:00,  8.69it/s][A

 89%|████████▉ | 34/38 [00:03<00:00,  8.37it/s][A

 92%|█████████▏| 35/38 [00:04<00:00,  8.03it/s][A

 95%|█████████▍| 36/38 [00:04<00:00,  7.75it/s][A

 97%|█████████▋| 37/38 [00:04<00:00,  8.12it/s][A

100%|██████████| 38/38 [00:04<00:00,  8.48it/s][A
100%|██████████| 38/38 [00:04<00:00,  8.53it/s]

 80%|████████  | 12/15 [13:49<03:20, 66.93s/it]

  0%|          | 0/38 [00:00<?, ?it/s][A

  3%|▎         | 1/38 [00:01<00:48,  1.32s/it][A

  5%|▌         | 2/38 [00:02<00:49,  1.37s/it][A

  8%|▊         | 3/38 [00:04<00:47,  1.35s/it][A

 11%|█         | 4/38 [00:05<00:46,  1.37s/it][A

 13%|█▎        | 5/38 [00:06<00:44,  1.35s/it][A

 16%|█▌        | 6/38 [00:08<00:43,  1.37s/it][A

 18%|█▊        | 7/38 [00:09<00:41,  1.35s/it][A

 21%|██        | 8/38 [00:10<00:41,  1.37s/it][A

 24%|██▎       | 9/38 [00:12<00:39,  1.35s/it][A

 26%|██▋       | 10/38 [00:13<00:37,  1.34s/it][A

 29%|██▉       | 11/38 [00:14<00:36,  1.36s/it][A

 32%|███▏      | 12/38 [00:16<00:34,  1.34s/it][A

 34%|███▍      | 13/38 [00:17<00:34,  1.37s/it][A

 37%|███▋      | 14/38 [00:18<00:32,  1.35s/it][A

 39%|███▉      | 15/38 [00:20<00:31,  1.36s/it][A

 42%|████▏     | 16/38 [00:21<00:30,  1.36s/it][A

 45%|████▍     | 17/38 [00:23<00:28,  1.37s/it][A

 47%|████▋     | 18/38 [00:24<00:28,  1.40s/it][A

 50%|█████     | 19/38 [00:25<00:26,  1.39s/it][A

 53%|█████▎    | 20/38 [00:27<00:25,  1.43s/it][A

 55%|█████▌    | 21/38 [00:28<00:24,  1.45s/it][A

 58%|█████▊    | 22/38 [00:30<00:23,  1.46s/it][A

 61%|██████    | 23/38 [00:31<00:21,  1.45s/it][A

 63%|██████▎   | 24/38 [00:33<00:20,  1.45s/it][A

 66%|██████▌   | 25/38 [00:34<00:18,  1.43s/it][A

 68%|██████▊   | 26/38 [00:36<00:17,  1.43s/it][A

 71%|███████   | 27/38 [00:37<00:15,  1.42s/it][A

 74%|███████▎  | 28/38 [00:38<00:14,  1.42s/it][A

 76%|███████▋  | 29/38 [00:40<00:12,  1.43s/it][A

 79%|███████▉  | 30/38 [00:41<00:11,  1.42s/it][A

 82%|████████▏ | 31/38 [00:43<00:10,  1.44s/it][A

 84%|████████▍ | 32/38 [00:44<00:08,  1.41s/it][A

 87%|████████▋ | 33/38 [00:46<00:07,  1.43s/it][A

 89%|████████▉ | 34/38 [00:47<00:05,  1.40s/it][A

 92%|█████████▏| 35/38 [00:48<00:04,  1.42s/it][A

 95%|█████████▍| 36/38 [00:50<00:02,  1.41s/it][A

 97%|█████████▋| 37/38 [00:51<00:01,  1.45s/it][A

100%|██████████| 38/38 [00:52<00:00,  1.19s/it][A
100%|██████████| 38/38 [00:52<00:00,  1.38s/it]


  0%|          | 0/69 [00:00<?, ?it/s][A

  1%|▏         | 1/69 [00:00<00:09,  7.25it/s][A

  3%|▎         | 2/69 [00:00<00:08,  8.13it/s][A

  4%|▍         | 3/69 [00:00<00:07,  8.45it/s][A

  6%|▌         | 4/69 [00:00<00:07,  8.59it/s][A

  7%|▋         | 5/69 [00:00<00:07,  8.66it/s][A

  9%|▊         | 6/69 [00:00<00:07,  8.41it/s][A

 10%|█         | 7/69 [00:00<00:07,  8.02it/s][A

 12%|█▏        | 8/69 [00:00<00:07,  7.70it/s][A

 13%|█▎        | 9/69 [00:01<00:07,  8.04it/s][A

 14%|█▍        | 10/69 [00:01<00:07,  8.28it/s][A

 16%|█▌        | 11/69 [00:01<00:06,  8.45it/s][A

 17%|█▋        | 12/69 [00:01<00:06,  8.57it/s][A

 19%|█▉        | 13/69 [00:01<00:06,  8.66it/s][A

 20%|██        | 14/69 [00:01<00:06,  8.29it/s][A

 22%|██▏       | 15/69 [00:01<00:06,  8.06it/s][A

 23%|██▎       | 16/69 [00:01<00:06,  7.82it/s][A

 25%|██▍       | 17/69 [00:02<00:06,  8.13it/s][A

 26%|██▌       | 18/69 [00:02<00:06,  8.32it/s][A

 28%|██▊       | 19/69 [00:02<00:05,  8.49it/s][A

 29%|██▉       | 20/69 [00:02<00:05,  8.60it/s][A

 30%|███       | 21/69 [00:02<00:05,  8.69it/s][A

 32%|███▏      | 22/69 [00:02<00:05,  8.43it/s][A

 33%|███▎      | 23/69 [00:02<00:05,  8.27it/s][A

 35%|███▍      | 24/69 [00:02<00:05,  7.96it/s][A

 36%|███▌      | 25/69 [00:03<00:05,  8.21it/s][A

 38%|███▊      | 26/69 [00:03<00:05,  8.37it/s][A

 39%|███▉      | 27/69 [00:03<00:04,  8.54it/s][A

 41%|████      | 28/69 [00:03<00:04,  8.64it/s][A

 42%|████▏     | 29/69 [00:03<00:04,  8.60it/s][A

 43%|████▎     | 30/69 [00:03<00:04,  8.31it/s][A

 45%|████▍     | 31/69 [00:03<00:04,  7.88it/s][A

 46%|████▋     | 32/69 [00:03<00:04,  8.14it/s][A

 48%|████▊     | 33/69 [00:03<00:04,  8.35it/s][A

 49%|████▉     | 34/69 [00:04<00:04,  8.50it/s][A

 51%|█████     | 35/69 [00:04<00:03,  8.58it/s][A

 52%|█████▏    | 36/69 [00:04<00:03,  8.66it/s][A

 54%|█████▎    | 37/69 [00:04<00:03,  8.43it/s][A

 55%|█████▌    | 38/69 [00:04<00:03,  8.07it/s][A

 57%|█████▋    | 39/69 [00:04<00:03,  7.60it/s][A

 58%|█████▊    | 40/69 [00:04<00:03,  7.96it/s][A

 59%|█████▉    | 41/69 [00:04<00:03,  8.22it/s][A

 61%|██████    | 42/69 [00:05<00:03,  8.40it/s][A

 62%|██████▏   | 43/69 [00:05<00:03,  8.53it/s][A

 64%|██████▍   | 44/69 [00:05<00:02,  8.62it/s][A

 65%|██████▌   | 45/69 [00:05<00:02,  8.25it/s][A

 67%|██████▋   | 46/69 [00:05<00:02,  8.21it/s][A

 68%|██████▊   | 47/69 [00:05<00:02,  7.96it/s][A

 70%|██████▉   | 48/69 [00:05<00:02,  8.35it/s][A

 71%|███████   | 49/69 [00:05<00:02,  8.62it/s][A

 72%|███████▏  | 50/69 [00:06<00:02,  8.82it/s][A

 74%|███████▍  | 51/69 [00:06<00:02,  8.97it/s][A

 75%|███████▌  | 52/69 [00:06<00:01,  9.05it/s][A

 77%|███████▋  | 53/69 [00:06<00:01,  8.60it/s][A

 78%|███████▊  | 54/69 [00:06<00:01,  8.32it/s][A

 80%|███████▉  | 55/69 [00:06<00:01,  7.90it/s][A

 81%|████████  | 56/69 [00:06<00:01,  8.29it/s][A

 83%|████████▎ | 57/69 [00:06<00:01,  8.57it/s][A

 84%|████████▍ | 58/69 [00:06<00:01,  8.77it/s][A

 86%|████████▌ | 59/69 [00:07<00:01,  8.90it/s][A

 87%|████████▋ | 60/69 [00:07<00:01,  8.99it/s][A

 88%|████████▊ | 61/69 [00:07<00:00,  8.86it/s][A

 90%|████████▉ | 62/69 [00:07<00:00,  8.46it/s][A

 91%|█████████▏| 63/69 [00:07<00:00,  8.10it/s][A

 93%|█████████▎| 64/69 [00:07<00:00,  8.43it/s][A

 94%|█████████▍| 65/69 [00:07<00:00,  8.70it/s][A

 96%|█████████▌| 66/69 [00:07<00:00,  8.87it/s][A

 97%|█████████▋| 67/69 [00:07<00:00,  9.00it/s][A

 99%|█████████▊| 68/69 [00:08<00:00,  9.09it/s][A

100%|██████████| 69/69 [00:08<00:00,  8.78it/s][A
100%|██████████| 69/69 [00:08<00:00,  8.41it/s]


  0%|          | 0/38 [00:00<?, ?it/s][A

  3%|▎         | 1/38 [00:00<00:04,  7.75it/s][A

  5%|▌         | 2/38 [00:00<00:04,  7.38it/s][A

  8%|▊         | 3/38 [00:00<00:04,  8.11it/s][A

 11%|█         | 4/38 [00:00<00:03,  8.54it/s][A

 13%|█▎        | 5/38 [00:00<00:03,  8.83it/s][A

 16%|█▌        | 6/38 [00:00<00:03,  8.97it/s][A

 18%|█▊        | 7/38 [00:00<00:03,  8.97it/s][A

 21%|██        | 8/38 [00:00<00:03,  8.51it/s][A

 24%|██▎       | 9/38 [00:01<00:03,  8.29it/s][A

 26%|██▋       | 10/38 [00:01<00:03,  7.89it/s][A

 29%|██▉       | 11/38 [00:01<00:03,  8.27it/s][A

 32%|███▏      | 12/38 [00:01<00:03,  8.57it/s][A

 34%|███▍      | 13/38 [00:01<00:02,  8.75it/s][A

 37%|███▋      | 14/38 [00:01<00:02,  8.91it/s][A

 39%|███▉      | 15/38 [00:01<00:02,  9.02it/s][A

 42%|████▏     | 16/38 [00:01<00:02,  9.06it/s][A

 45%|████▍     | 17/38 [00:01<00:02,  8.44it/s][A

 47%|████▋     | 18/38 [00:02<00:02,  7.95it/s][A

 50%|█████     | 19/38 [00:02<00:02,  8.05it/s][A

 53%|█████▎    | 20/38 [00:02<00:02,  8.40it/s][A

 55%|█████▌    | 21/38 [00:02<00:01,  8.61it/s][A

 58%|█████▊    | 22/38 [00:02<00:01,  8.79it/s][A

 61%|██████    | 23/38 [00:02<00:01,  8.92it/s][A

 63%|██████▎   | 24/38 [00:02<00:01,  9.00it/s][A

 66%|██████▌   | 25/38 [00:02<00:01,  8.76it/s][A

 68%|██████▊   | 26/38 [00:03<00:01,  8.39it/s][A

 71%|███████   | 27/38 [00:03<00:01,  8.20it/s][A

 74%|███████▎  | 28/38 [00:03<00:01,  8.51it/s][A

 76%|███████▋  | 29/38 [00:03<00:01,  8.70it/s][A

 79%|███████▉  | 30/38 [00:03<00:00,  8.87it/s][A

 82%|████████▏ | 31/38 [00:03<00:00,  8.98it/s][A

 84%|████████▍ | 32/38 [00:03<00:00,  9.02it/s][A

 87%|████████▋ | 33/38 [00:03<00:00,  8.67it/s][A

 89%|████████▉ | 34/38 [00:03<00:00,  8.35it/s][A

 92%|█████████▏| 35/38 [00:04<00:00,  8.04it/s][A

 95%|█████████▍| 36/38 [00:04<00:00,  8.39it/s][A

 97%|█████████▋| 37/38 [00:04<00:00,  8.63it/s][A

100%|██████████| 38/38 [00:04<00:00,  8.81it/s][A
100%|██████████| 38/38 [00:04<00:00,  8.57it/s]

 87%|████████▋ | 13/15 [14:54<02:12, 66.37s/it]

  0%|          | 0/38 [00:00<?, ?it/s][A

  3%|▎         | 1/38 [00:01<00:49,  1.34s/it][A

  5%|▌         | 2/38 [00:02<00:49,  1.38s/it][A

  8%|▊         | 3/38 [00:04<00:47,  1.35s/it][A

 11%|█         | 4/38 [00:05<00:46,  1.36s/it][A

 13%|█▎        | 5/38 [00:06<00:44,  1.36s/it][A

 16%|█▌        | 6/38 [00:08<00:43,  1.35s/it][A

 18%|█▊        | 7/38 [00:09<00:42,  1.36s/it][A

 21%|██        | 8/38 [00:10<00:40,  1.35s/it][A

 24%|██▎       | 9/38 [00:12<00:39,  1.36s/it][A

 26%|██▋       | 10/38 [00:13<00:37,  1.36s/it][A

 29%|██▉       | 11/38 [00:14<00:36,  1.34s/it][A

 32%|███▏      | 12/38 [00:16<00:35,  1.37s/it][A

 34%|███▍      | 13/38 [00:17<00:34,  1.36s/it][A

 37%|███▋      | 14/38 [00:19<00:33,  1.38s/it][A

 39%|███▉      | 15/38 [00:20<00:31,  1.36s/it][A

 42%|████▏     | 16/38 [00:21<00:30,  1.38s/it][A

 45%|████▍     | 17/38 [00:23<00:28,  1.37s/it][A

 47%|████▋     | 18/38 [00:24<00:27,  1.35s/it][A

 50%|█████     | 19/38 [00:25<00:26,  1.38s/it][A

 53%|█████▎    | 20/38 [00:27<00:24,  1.36s/it][A

 55%|█████▌    | 21/38 [00:28<00:23,  1.38s/it][A

 58%|█████▊    | 22/38 [00:30<00:22,  1.38s/it][A

 61%|██████    | 23/38 [00:31<00:21,  1.42s/it][A

 63%|██████▎   | 24/38 [00:33<00:20,  1.45s/it][A

 66%|██████▌   | 25/38 [00:34<00:18,  1.44s/it][A

 68%|██████▊   | 26/38 [00:35<00:17,  1.44s/it][A

 71%|███████   | 27/38 [00:37<00:15,  1.42s/it][A

 74%|███████▎  | 28/38 [00:38<00:14,  1.43s/it][A

 76%|███████▋  | 29/38 [00:40<00:12,  1.41s/it][A

 79%|███████▉  | 30/38 [00:41<00:11,  1.43s/it][A

 82%|████████▏ | 31/38 [00:42<00:09,  1.41s/it][A

 84%|████████▍ | 32/38 [00:44<00:08,  1.43s/it][A

 87%|████████▋ | 33/38 [00:45<00:07,  1.42s/it][A

 89%|████████▉ | 34/38 [00:47<00:05,  1.44s/it][A

 92%|█████████▏| 35/38 [00:48<00:04,  1.42s/it][A

 95%|█████████▍| 36/38 [00:50<00:02,  1.44s/it][A

 97%|█████████▋| 37/38 [00:51<00:01,  1.42s/it][A

100%|██████████| 38/38 [00:52<00:00,  1.17s/it][A
100%|██████████| 38/38 [00:52<00:00,  1.37s/it]


  0%|          | 0/69 [00:00<?, ?it/s][A

  1%|▏         | 1/69 [00:00<00:07,  8.83it/s][A

  3%|▎         | 2/69 [00:00<00:07,  8.83it/s][A

  4%|▍         | 3/69 [00:00<00:08,  8.13it/s][A

  6%|▌         | 4/69 [00:00<00:08,  7.70it/s][A

  7%|▋         | 5/69 [00:00<00:08,  7.27it/s][A

  9%|▊         | 6/69 [00:00<00:08,  7.74it/s][A

 10%|█         | 7/69 [00:00<00:07,  8.08it/s][A

 12%|█▏        | 8/69 [00:00<00:07,  8.26it/s][A

 13%|█▎        | 9/69 [00:01<00:07,  8.44it/s][A

 14%|█▍        | 10/69 [00:01<00:06,  8.49it/s][A

 16%|█▌        | 11/69 [00:01<00:07,  8.09it/s][A

 17%|█▋        | 12/69 [00:01<00:07,  7.98it/s][A

 19%|█▉        | 13/69 [00:01<00:07,  7.60it/s][A

 20%|██        | 14/69 [00:01<00:06,  7.95it/s][A

 22%|██▏       | 15/69 [00:01<00:06,  8.20it/s][A

 23%|██▎       | 16/69 [00:01<00:06,  8.28it/s][A

 25%|██▍       | 17/69 [00:02<00:06,  8.44it/s][A

 26%|██▌       | 18/69 [00:02<00:05,  8.54it/s][A

 28%|██▊       | 19/69 [00:02<00:06,  8.32it/s][A

 29%|██▉       | 20/69 [00:02<00:06,  7.88it/s][A

 30%|███       | 21/69 [00:02<00:06,  7.55it/s][A

 32%|███▏      | 22/69 [00:02<00:05,  7.92it/s][A

 33%|███▎      | 23/69 [00:02<00:05,  8.18it/s][A

 35%|███▍      | 24/69 [00:02<00:05,  8.37it/s][A

 36%|███▌      | 25/69 [00:03<00:05,  8.50it/s][A

 38%|███▊      | 26/69 [00:03<00:05,  8.60it/s][A

 39%|███▉      | 27/69 [00:03<00:05,  8.23it/s][A

 41%|████      | 28/69 [00:03<00:05,  7.94it/s][A

 42%|████▏     | 29/69 [00:03<00:05,  7.65it/s][A

 43%|████▎     | 30/69 [00:03<00:04,  7.99it/s][A

 45%|████▍     | 31/69 [00:03<00:04,  8.22it/s][A

 46%|████▋     | 32/69 [00:03<00:04,  8.42it/s][A

 48%|████▊     | 33/69 [00:04<00:04,  8.53it/s][A

 49%|████▉     | 34/69 [00:04<00:04,  8.61it/s][A

 51%|█████     | 35/69 [00:04<00:04,  8.20it/s][A

 52%|█████▏    | 36/69 [00:04<00:04,  7.69it/s][A

 54%|█████▎    | 37/69 [00:04<00:04,  7.79it/s][A

 55%|█████▌    | 38/69 [00:04<00:03,  8.11it/s][A

 57%|█████▋    | 39/69 [00:04<00:03,  8.31it/s][A

 58%|█████▊    | 40/69 [00:04<00:03,  8.49it/s][A

 59%|█████▉    | 41/69 [00:05<00:03,  8.59it/s][A

 61%|██████    | 42/69 [00:05<00:03,  8.49it/s][A

 62%|██████▏   | 43/69 [00:05<00:03,  8.11it/s][A

 64%|██████▍   | 44/69 [00:05<00:03,  7.76it/s][A

 65%|██████▌   | 45/69 [00:05<00:02,  8.04it/s][A

 67%|██████▋   | 46/69 [00:05<00:02,  8.26it/s][A

 68%|██████▊   | 47/69 [00:05<00:02,  8.42it/s][A

 70%|██████▉   | 48/69 [00:05<00:02,  8.53it/s][A

 71%|███████   | 49/69 [00:05<00:02,  8.62it/s][A

 72%|███████▏  | 50/69 [00:06<00:02,  8.36it/s][A

 74%|███████▍  | 51/69 [00:06<00:02,  8.03it/s][A

 75%|███████▌  | 52/69 [00:06<00:02,  7.72it/s][A

 77%|███████▋  | 53/69 [00:06<00:01,  8.05it/s][A

 78%|███████▊  | 54/69 [00:06<00:01,  8.28it/s][A

 80%|███████▉  | 55/69 [00:06<00:01,  8.43it/s][A

 81%|████████  | 56/69 [00:06<00:01,  8.55it/s][A

 83%|████████▎ | 57/69 [00:06<00:01,  8.63it/s][A

 84%|████████▍ | 58/69 [00:07<00:01,  8.16it/s][A

 86%|████████▌ | 59/69 [00:07<00:01,  7.88it/s][A

 87%|████████▋ | 60/69 [00:07<00:01,  7.51it/s][A

 88%|████████▊ | 61/69 [00:07<00:01,  7.79it/s][A

 90%|████████▉ | 62/69 [00:07<00:00,  8.06it/s][A

 91%|█████████▏| 63/69 [00:07<00:00,  8.26it/s][A

 93%|█████████▎| 64/69 [00:07<00:00,  8.43it/s][A

 94%|█████████▍| 65/69 [00:07<00:00,  8.55it/s][A

 96%|█████████▌| 66/69 [00:08<00:00,  8.26it/s][A

 97%|█████████▋| 67/69 [00:08<00:00,  8.05it/s][A

 99%|█████████▊| 68/69 [00:08<00:00,  7.90it/s][A

100%|██████████| 69/69 [00:08<00:00,  8.18it/s][A
100%|██████████| 69/69 [00:08<00:00,  8.16it/s]


  0%|          | 0/38 [00:00<?, ?it/s][A

  3%|▎         | 1/38 [00:00<00:04,  8.87it/s][A

  5%|▌         | 2/38 [00:00<00:04,  8.83it/s][A

  8%|▊         | 3/38 [00:00<00:03,  8.83it/s][A

 11%|█         | 4/38 [00:00<00:03,  8.82it/s][A

 13%|█▎        | 5/38 [00:00<00:03,  8.87it/s][A

 16%|█▌        | 6/38 [00:00<00:03,  8.86it/s][A

 18%|█▊        | 7/38 [00:00<00:03,  8.21it/s][A

 21%|██        | 8/38 [00:00<00:03,  7.68it/s][A

 24%|██▎       | 9/38 [00:01<00:03,  7.76it/s][A

 26%|██▋       | 10/38 [00:01<00:03,  8.07it/s][A

 29%|██▉       | 11/38 [00:01<00:03,  8.30it/s][A

 32%|███▏      | 12/38 [00:01<00:03,  8.47it/s][A

 34%|███▍      | 13/38 [00:01<00:02,  8.59it/s][A

 37%|███▋      | 14/38 [00:01<00:02,  8.64it/s][A

 39%|███▉      | 15/38 [00:01<00:02,  8.24it/s][A

 42%|████▏     | 16/38 [00:01<00:02,  7.81it/s][A

 45%|████▍     | 17/38 [00:02<00:02,  7.89it/s][A

 47%|████▋     | 18/38 [00:02<00:02,  8.17it/s][A

 50%|█████     | 19/38 [00:02<00:02,  8.38it/s][A

 53%|█████▎    | 20/38 [00:02<00:02,  8.46it/s][A

 55%|█████▌    | 21/38 [00:02<00:01,  8.57it/s][A

 58%|█████▊    | 22/38 [00:02<00:01,  8.31it/s][A

 61%|██████    | 23/38 [00:02<00:01,  7.99it/s][A

 63%|██████▎   | 24/38 [00:02<00:01,  7.64it/s][A

 66%|██████▌   | 25/38 [00:03<00:01,  7.77it/s][A

 68%|██████▊   | 26/38 [00:03<00:01,  8.06it/s][A

 71%|███████   | 27/38 [00:03<00:01,  8.27it/s][A

 74%|███████▎  | 28/38 [00:03<00:01,  8.43it/s][A

 76%|███████▋  | 29/38 [00:03<00:01,  8.52it/s][A

 79%|███████▉  | 30/38 [00:03<00:00,  8.18it/s][A

 82%|████████▏ | 31/38 [00:03<00:00,  7.96it/s][A

 84%|████████▍ | 32/38 [00:03<00:00,  7.76it/s][A

 87%|████████▋ | 33/38 [00:04<00:00,  8.07it/s][A

 89%|████████▉ | 34/38 [00:04<00:00,  7.93it/s][A

 92%|█████████▏| 35/38 [00:04<00:00,  8.27it/s][A

 95%|█████████▍| 36/38 [00:04<00:00,  8.24it/s][A

 97%|█████████▋| 37/38 [00:04<00:00,  8.02it/s][A

100%|██████████| 38/38 [00:04<00:00,  7.62it/s][A
100%|██████████| 38/38 [00:04<00:00,  8.16it/s]

 93%|█████████▎| 14/15 [15:59<01:06, 66.03s/it]

  0%|          | 0/38 [00:00<?, ?it/s][A

  3%|▎         | 1/38 [00:01<00:55,  1.50s/it][A

  5%|▌         | 2/38 [00:03<00:55,  1.53s/it][A

  8%|▊         | 3/38 [00:04<00:52,  1.50s/it][A

 11%|█         | 4/38 [00:06<00:51,  1.51s/it][A

 13%|█▎        | 5/38 [00:07<00:48,  1.48s/it][A

 16%|█▌        | 6/38 [00:08<00:46,  1.44s/it][A

 18%|█▊        | 7/38 [00:10<00:44,  1.44s/it][A

 21%|██        | 8/38 [00:11<00:42,  1.40s/it][A

 24%|██▎       | 9/38 [00:13<00:41,  1.41s/it][A

 26%|██▋       | 10/38 [00:14<00:38,  1.39s/it][A

 29%|██▉       | 11/38 [00:15<00:37,  1.40s/it][A

 32%|███▏      | 12/38 [00:17<00:35,  1.37s/it][A

 34%|███▍      | 13/38 [00:18<00:34,  1.37s/it][A

 37%|███▋      | 14/38 [00:19<00:32,  1.37s/it][A

 39%|███▉      | 15/38 [00:21<00:31,  1.36s/it][A

 42%|████▏     | 16/38 [00:22<00:30,  1.38s/it][A

 45%|████▍     | 17/38 [00:23<00:28,  1.36s/it][A

 47%|████▋     | 18/38 [00:25<00:27,  1.39s/it][A

 50%|█████     | 19/38 [00:26<00:26,  1.37s/it][A

 53%|█████▎    | 20/38 [00:28<00:25,  1.40s/it][A

 55%|█████▌    | 21/38 [00:29<00:23,  1.38s/it][A

 58%|█████▊    | 22/38 [00:31<00:22,  1.42s/it][A

 61%|██████    | 23/38 [00:32<00:20,  1.40s/it][A

 63%|██████▎   | 24/38 [00:33<00:19,  1.42s/it][A

 66%|██████▌   | 25/38 [00:35<00:18,  1.40s/it][A

 68%|██████▊   | 26/38 [00:36<00:16,  1.40s/it][A

 71%|███████   | 27/38 [00:37<00:15,  1.38s/it][A

 74%|███████▎  | 28/38 [00:39<00:13,  1.39s/it][A

 76%|███████▋  | 29/38 [00:40<00:12,  1.40s/it][A

 79%|███████▉  | 30/38 [00:42<00:11,  1.43s/it][A

 82%|████████▏ | 31/38 [00:43<00:09,  1.40s/it][A

 84%|████████▍ | 32/38 [00:44<00:08,  1.40s/it][A

 87%|████████▋ | 33/38 [00:46<00:06,  1.39s/it][A

 89%|████████▉ | 34/38 [00:47<00:05,  1.38s/it][A

 92%|█████████▏| 35/38 [00:49<00:04,  1.39s/it][A

 95%|█████████▍| 36/38 [00:50<00:02,  1.37s/it][A

 97%|█████████▋| 37/38 [00:51<00:01,  1.40s/it][A

100%|██████████| 38/38 [00:52<00:00,  1.15s/it][A
100%|██████████| 38/38 [00:52<00:00,  1.38s/it]


  0%|          | 0/69 [00:00<?, ?it/s][A

  1%|▏         | 1/69 [00:00<00:10,  6.50it/s][A

  3%|▎         | 2/69 [00:00<00:09,  7.35it/s][A

  4%|▍         | 3/69 [00:00<00:08,  7.68it/s][A

  6%|▌         | 4/69 [00:00<00:08,  7.86it/s][A

  7%|▋         | 5/69 [00:00<00:08,  7.95it/s][A

  9%|▊         | 6/69 [00:00<00:08,  7.60it/s][A

 10%|█         | 7/69 [00:00<00:08,  7.28it/s][A

 12%|█▏        | 8/69 [00:01<00:08,  7.03it/s][A

 13%|█▎        | 9/69 [00:01<00:08,  7.37it/s][A

 14%|█▍        | 10/69 [00:01<00:07,  7.61it/s][A

 16%|█▌        | 11/69 [00:01<00:07,  7.76it/s][A

 17%|█▋        | 12/69 [00:01<00:07,  7.89it/s][A

 19%|█▉        | 13/69 [00:01<00:07,  7.95it/s][A

 20%|██        | 14/69 [00:01<00:06,  8.04it/s][A

 22%|██▏       | 15/69 [00:01<00:07,  7.65it/s][A

 23%|██▎       | 16/69 [00:02<00:07,  7.41it/s][A

 25%|██▍       | 17/69 [00:02<00:07,  7.14it/s][A

 26%|██▌       | 18/69 [00:02<00:06,  7.44it/s][A

 28%|██▊       | 19/69 [00:02<00:06,  7.83it/s][A

 29%|██▉       | 20/69 [00:02<00:06,  8.12it/s][A

 30%|███       | 21/69 [00:02<00:05,  8.35it/s][A

 32%|███▏      | 22/69 [00:02<00:05,  8.50it/s][A

 33%|███▎      | 23/69 [00:02<00:05,  8.27it/s][A

 35%|███▍      | 24/69 [00:03<00:05,  7.85it/s][A

 36%|███▌      | 25/69 [00:03<00:05,  7.88it/s][A

 38%|███▊      | 26/69 [00:03<00:05,  8.17it/s][A

 39%|███▉      | 27/69 [00:03<00:05,  8.36it/s][A

 41%|████      | 28/69 [00:03<00:04,  8.49it/s][A

 42%|████▏     | 29/69 [00:03<00:04,  8.59it/s][A

 43%|████▎     | 30/69 [00:03<00:04,  8.42it/s][A

 45%|████▍     | 31/69 [00:03<00:04,  8.04it/s][A

 46%|████▋     | 32/69 [00:04<00:04,  7.77it/s][A

 48%|████▊     | 33/69 [00:04<00:04,  8.04it/s][A

 49%|████▉     | 34/69 [00:04<00:04,  8.29it/s][A

 51%|█████     | 35/69 [00:04<00:04,  8.43it/s][A

 52%|█████▏    | 36/69 [00:04<00:03,  8.49it/s][A

 54%|█████▎    | 37/69 [00:04<00:03,  8.59it/s][A

 55%|█████▌    | 38/69 [00:04<00:03,  8.17it/s][A

 57%|█████▋    | 39/69 [00:04<00:03,  7.92it/s][A

 58%|█████▊    | 40/69 [00:05<00:03,  7.67it/s][A

 59%|█████▉    | 41/69 [00:05<00:03,  7.99it/s][A

 61%|██████    | 42/69 [00:05<00:03,  8.19it/s][A

 62%|██████▏   | 43/69 [00:05<00:03,  8.37it/s][A

 64%|██████▍   | 44/69 [00:05<00:02,  8.49it/s][A

 65%|██████▌   | 45/69 [00:05<00:02,  8.58it/s][A

 67%|██████▋   | 46/69 [00:05<00:02,  8.19it/s][A

 68%|██████▊   | 47/69 [00:05<00:02,  7.94it/s][A

 70%|██████▉   | 48/69 [00:06<00:02,  7.68it/s][A

 71%|███████   | 49/69 [00:06<00:02,  7.99it/s][A

 72%|███████▏  | 50/69 [00:06<00:02,  8.22it/s][A

 74%|███████▍  | 51/69 [00:06<00:02,  8.39it/s][A

 75%|███████▌  | 52/69 [00:06<00:01,  8.52it/s][A

 77%|███████▋  | 53/69 [00:06<00:01,  8.63it/s][A

 78%|███████▊  | 54/69 [00:06<00:01,  8.29it/s][A

 80%|███████▉  | 55/69 [00:06<00:01,  7.98it/s][A

 81%|████████  | 56/69 [00:07<00:01,  7.71it/s][A

 83%|████████▎ | 57/69 [00:07<00:01,  7.99it/s][A

 84%|████████▍ | 58/69 [00:07<00:01,  8.20it/s][A

 86%|████████▌ | 59/69 [00:07<00:01,  8.38it/s][A

 87%|████████▋ | 60/69 [00:07<00:01,  8.54it/s][A

 88%|████████▊ | 61/69 [00:07<00:00,  8.62it/s][A

 90%|████████▉ | 62/69 [00:07<00:00,  8.28it/s][A

 91%|█████████▏| 63/69 [00:07<00:00,  7.77it/s][A

 93%|█████████▎| 64/69 [00:07<00:00,  7.81it/s][A

 94%|█████████▍| 65/69 [00:08<00:00,  8.12it/s][A

 96%|█████████▌| 66/69 [00:08<00:00,  8.31it/s][A

 97%|█████████▋| 67/69 [00:08<00:00,  8.47it/s][A

 99%|█████████▊| 68/69 [00:08<00:00,  8.58it/s][A

100%|██████████| 69/69 [00:08<00:00,  8.68it/s][A
100%|██████████| 69/69 [00:08<00:00,  8.06it/s]


  0%|          | 0/38 [00:00<?, ?it/s][A

  3%|▎         | 1/38 [00:00<00:04,  8.97it/s][A

  5%|▌         | 2/38 [00:00<00:04,  8.91it/s][A

  8%|▊         | 3/38 [00:00<00:04,  8.08it/s][A

 11%|█         | 4/38 [00:00<00:04,  7.80it/s][A

 13%|█▎        | 5/38 [00:00<00:04,  7.74it/s][A

 16%|█▌        | 6/38 [00:00<00:03,  8.09it/s][A

 18%|█▊        | 7/38 [00:00<00:03,  8.35it/s][A

 21%|██        | 8/38 [00:00<00:03,  8.49it/s][A

 24%|██▎       | 9/38 [00:01<00:03,  8.73it/s][A

 26%|██▋       | 10/38 [00:01<00:03,  8.46it/s][A

 29%|██▉       | 11/38 [00:01<00:03,  8.17it/s][A

 32%|███▏      | 12/38 [00:01<00:03,  7.80it/s][A

 34%|███▍      | 13/38 [00:01<00:03,  8.22it/s][A

 37%|███▋      | 14/38 [00:01<00:02,  8.54it/s][A

 39%|███▉      | 15/38 [00:01<00:02,  8.77it/s][A

 42%|████▏     | 16/38 [00:01<00:02,  8.93it/s][A

 45%|████▍     | 17/38 [00:02<00:02,  9.05it/s][A

 47%|████▋     | 18/38 [00:02<00:02,  8.74it/s][A

 50%|█████     | 19/38 [00:02<00:02,  8.29it/s][A

 53%|█████▎    | 20/38 [00:02<00:02,  7.93it/s][A

 55%|█████▌    | 21/38 [00:02<00:02,  8.33it/s][A

 58%|█████▊    | 22/38 [00:02<00:01,  8.63it/s][A

 61%|██████    | 23/38 [00:02<00:01,  8.84it/s][A

 63%|██████▎   | 24/38 [00:02<00:01,  8.98it/s][A

 66%|██████▌   | 25/38 [00:02<00:01,  9.10it/s][A

 68%|██████▊   | 26/38 [00:03<00:01,  8.64it/s][A

 71%|███████   | 27/38 [00:03<00:01,  8.35it/s][A

 74%|███████▎  | 28/38 [00:03<00:01,  7.93it/s][A

 76%|███████▋  | 29/38 [00:03<00:01,  8.33it/s][A

 79%|███████▉  | 30/38 [00:03<00:00,  8.63it/s][A

 82%|████████▏ | 31/38 [00:03<00:00,  8.75it/s][A

 84%|████████▍ | 32/38 [00:03<00:00,  8.90it/s][A

 87%|████████▋ | 33/38 [00:03<00:00,  9.04it/s][A

 89%|████████▉ | 34/38 [00:03<00:00,  9.13it/s][A

 92%|█████████▏| 35/38 [00:04<00:00,  9.21it/s][A

 95%|█████████▍| 36/38 [00:04<00:00,  8.98it/s][A

 97%|█████████▋| 37/38 [00:04<00:00,  8.48it/s][A

100%|██████████| 38/38 [00:04<00:00,  7.84it/s][A
100%|██████████| 38/38 [00:04<00:00,  8.47it/s]

100%|██████████| 15/15 [17:05<00:00, 65.89s/it]
100%|██████████| 15/15 [17:05<00:00, 68.33s/it]
